report_date,report_source,report_period,ext_massacres_cum,killed,killed_cum,ext_killed,ext_killed_cum,ext_killed_children_cum,ext_killed_women_cum,injured_cum,ext_injured,ext_injured_cum,ext_civdef_killed_cum,med_killed_cum,ext_med_killed_cum,press_killed_cum,ext_press_killed_cum,killed_children_cum,killed_women_cum,injured,massacres_cum,civdef_killed_cum,killed_truce_new,killed_committee,killed_recovered,killed_succumbed,aid_seeker_killed_cum,aid_seeker_injured_cum,child_famine_cum,famine_cum
2023-10-07,mohtel,24,0,232.0,232.0,232,232,0,0,1610.0,1610,1610,0,6.0,6,1.0,1,,,,,,,,,,,,,
2023-10-08,mohtel,24,0,138.0,370.0,138,370,78,41,1788.0,178,1788,0,,6,1.0,1,78.0,41.0,,,,,,,,,,,
2023-10-09,mohtel,24,8,190.0,560.0,190,560,91,61,2271.0,483,2271,0,6.0,6,3.0,3,91.0,61.0,,,,,,,,,,,
2023-10-10,mohtel,24,8,340.0,900.0,340,900,260,230,4000.0,1729,4000,0,,6,7.0,7,260.0,230.0,,,,,,,,,,,
2023-10-11,gmotel,24,23,200.0,1100.0,200,1100,398,230,5184.0,1184,5184,0,10.0,10,,7,,,1029.0,,,,,,,,,,
2023-10-12,mohtel,24,23,317.0,1417.0,317,1417,500,276,5763.0,579,5763,0,11.0,11,,7,500.0,276.0,579.0,,,,,,,,,,
2023-10-13,missing,24,23,483.0,1900.0,483,1900,500,392,,1475,7238,0,11.0,11,,7,,,,,,,,,,,,,
2023-10-14,gmotel,24,23,328.0,2228.0,328,2228,600,600,8714.0,1476,8714,0,11.0,11,,7,,,,,,,,,,,,,
2023-10-15,gmotel,24,23,442.0,2670.0,442,2670,700,735,9200.0,486,9200,0,,11,,7,,,1000.0,,,,,,,,,,
2023-10-16,gmotel,24,371,138.0,2808.0,138,2808,853,936,10850.0,1650,10850,7,37.0,37,,7,853.0,936.0,562.0,371.0,7.0,,,,,,,,
2023-10-17,gmotel,24,394,192.0,3000.0,192,3000,940,936,,607,11457,7,37.0,37,16.0,16,940.0,1032.0,575.0,394.0,,,,,,,,,
2023-10-18,mohtel,24,394,478.0,3478.0,478,3478,1000,936,12065.0,608,12065,7,,37,,16,,,,,,,,,,,,,
2023-10-19,mohtel,24,394,307.0,3785.0,307,3785,1524,936,12493.0,428,12493,7,44.0,44,,16,1524.0,1000.0,,,,,,,,,,,
2023-10-20,mohtel,24,431,352.0,4137.0,352,4137,1756,936,13162.0,669,13162,7,46.0,46,,16,,,669.0,,,,,,,,,,
2023-10-21,mohtel,24,460,248.0,4385.0,248,4385,1756,967,13561.0,399,13561,7,51.0,51,,16,1756.0,967.0,400.0,,,,,,,,,,
2023-10-22,mohtel,24,484,266.0,4651.0,266,4651,1873,1023,14245.0,684,14245,7,54.0,54,,16,1873.0,1023.0,,,,,,,,,,,
2023-10-23,mohtel,24,507,436.0,5087.0,436,5087,2055,1119,15273.0,1028,15273,7,57.0,57,,16,2055.0,1119.0,,,,,,,,,,,
2023-10-24,mohtel,24,644,704.0,5791.0,704,5791,2360,1292,16297.0,1024,16297,7,65.0,65,,16,2360.0,1292.0,,644.0,,,,,,,,,
2023-10-25,mohtel,24,688,756.0,6547.0,756,6547,2704,1584,17439.0,1142,17439,7,73.0,73,,16,2704.0,1584.0,1142.0,,,,,,,,,,
2023-10-26,mohtel,24,731,481.0,7028.0,481,7028,3038,1600,18482.0,1043,18482,7,101.0,101,,16,,,,,,,,,,,,,
2023-10-27,mohtel,24,772,298.0,7326.0,298,7326,3038,1726,18967.0,485,18967,7,104.0,104,,16,3038.0,1726.0,,772.0,,,,,,,,,
2023-10-28,missing,24,772,377.0,7703.0,377,7703,3168,1916,,637,19604,7,,104,,16,,,,,,,,,,,,,
2023-10-29,mohtel,24,881,302.0,8005.0,302,8005,3324,2062,20242.0,638,20242,7,116.0,116,,16,3324.0,2062.0,,881.0,,,,,,,,,
2023-10-30,gmotel,24,908,304.0,8309.0,304,8309,3457,2136,21048.0,806,21048,18,124.0,124,35.0,35,3457.0,2136.0,,908.0,18.0,,,,,,,,
2023-10-31,mohtel,24,926,216.0,8525.0,216,8525,3542,2187,21543.0,495,21543,18,130.0,130,,35,3542.0,2187.0,,926.0,,,,,,,,,
2023-11-01,mohtel,24,950,280.0,8805.0,280,8805,3650,2252,22240.0,697,22240,18,132.0,132,,35,3650.0,2252.0,,950.0,,,,,,,,,
2023-11-02,mohtel,24,965,256.0,9061.0,256,9061,3760,2326,22911.0,671,22911,18,134.0,134,,35,3760.0,2326.0,,965.0,,,,,,,,,
2023-11-03,mohtel,24,997,196.0,9257.0,196,9257,3826,2405,23516.0,605,23516,18,136.0,136,,35,3826.0,2405.0,,997.0,,,,,,,,,
2023-11-04,mohtel,24,1006,228.0,9485.0,228,9485,3900,2509,24158.0,642,24158,18,150.0,150,,35,3900.0,2509.0,,1006.0,,,,,,,,,
2023-11-05,mohtel,24,1031,285.0,9770.0,285,9770,4008,2550,24808.0,650,24808,18,175.0,175,,35,4008.0,2550.0,,1031.0,,,,,,,,,
2023-11-06,gmotel,24,1031,252.0,10022.0,252,10022,4108,2610,25000.0,192,25000,18,192.0,192,,35,,,,,,,,,,,,,
2023-11-07,mohtel,24,1071,306.0,10328.0,306,10328,4237,2719,25956.0,956,25956,18,192.0,192,,35,4237.0,2719.0,,1071.0,,,,,,,,,
2023-11-08,mohtel,24,1098,241.0,10569.0,241,10569,4324,2823,26475.0,519,26475,18,193.0,193,,35,4324.0,2823.0,,1098.0,,,,,,,,,
2023-11-09,mohtel,24,1118,249.0,10818.0,249,10818,4412,2918,26905.0,430,26905,18,195.0,195,,35,4412.0,2918.0,,1118.0,,,,,,,,,
2023-11-10,mohtel,24,1130,260.0,11078.0,260,11078,4506,3027,27490.0,585,27490,20,198.0,198,49.0,49,4506.0,3027.0,,1130.0,20.0,,,,,,,,
2023-11-11,missing,24,1130,,,51,11129,4540,3044,,355,27845,20,,198,49.0,49,,,,,20.0,,,,,,,,
2023-11-12,gmotel,24,1142,,11180.0,51,11180,4609,3100,28200.0,355,28200,20,198.0,198,49.0,49,4609.0,3100.0,,1142.0,20.0,,,,,,,,
2023-11-13,gmotel,24,1153,,11240.0,60,11240,4630,3130,29000.0,800,29000,21,198.0,198,51.0,51,4630.0,3130.0,,1153.0,21.0,,,,,,,,
2023-11-14,gmotel,24,1165,,11320.0,80,11320,4650,3145,29200.0,200,29200,22,198.0,198,51.0,51,4650.0,3145.0,,1165.0,22.0,,,,,,,,
2023-11-15,gmotel,24,1200,,11500.0,180,11500,4710,3160,29800.0,600,29800,22,200.0,200,51.0,51,4710.0,3160.0,,1200.0,22.0,,,,,,,,
2023-11-16,missing,24,1200,,,500,12000,5000,3300,,100,29900,22,,200,51.0,51,,,,,,,,,,,,,
2023-11-17,gmotel,24,1270,,12000.0,0,12000,5000,3300,30000.0,100,30000,22,200.0,200,51.0,51,5000.0,3300.0,,1270.0,22.0,,,,,,,,
2023-11-18,gmotel,24,1300,,12300.0,300,12300,5000,3300,30000.0,0,30000,22,200.0,200,56.0,56,5000.0,3300.0,,1300.0,22.0,,,,,,,,
2023-11-19,gmotel,24,1330,,13000.0,700,13000,5500,3500,30000.0,0,30000,22,201.0,201,60.0,60,5500.0,3500.0,,1330.0,22.0,,,,,,,,
2023-11-20,gmotel,24,1340,,13300.0,300,13300,5600,3550,31000.0,1000,31000,22,201.0,201,60.0,60,5600.0,3550.0,,1340.0,22.0,,,,,,,,
2023-11-21,gmotel,24,1354,,14128.0,828,14128,5840,3920,33000.0,2000,33000,22,205.0,205,,60,5840.0,3920.0,,1354.0,,,,,,,,,
2023-11-22,gmotel,24,1384,,14532.0,404,14532,6000,4000,35000.0,2000,35000,25,205.0,205,64.0,64,6000.0,4000.0,,1384.0,25.0,,,,,,,,
2023-11-23,gmotel,24,1400,,14800.0,268,14800,6150,4000,36000.0,1000,36000,26,207.0,207,65.0,65,6150.0,4000.0,,1400.0,26.0,,,,,,,,
2023-11-24,missing,24,1400,,14800.0,0,14800,6150,4000,,0,36000,26,,207,,65,,,,,,,,,,,,,
2023-11-25,missing,24,1400,,14800.0,0,14800,6150,4000,,0,36000,26,,207,67.0,67,,,,,,,,,,,,,
2023-11-26,missing,24,1400,,14800.0,0,14800,6150,4000,,0,36000,26,,207,,67,,,,,,,,,,,,,
2023-11-27,gmotel,24,1400,,14800.0,0,14800,6150,4000,36000.0,0,36000,26,207.0,207,70.0,70,6150.0,4000.0,,1400.0,26.0,,,,,,,,
2023-11-28,gmotel,24,1400,,14800.0,0,14800,6150,4000,36000.0,0,36000,26,207.0,207,70.0,70,6150.0,4000.0,,1400.0,26.0,,,,,,,,
2023-11-29,missing,24,1400,,14800.0,0,14800,6150,4000,,0,36000,26,,207,70.0,70,6150.0,4000.0,,,,,,,,,,,
2023-11-30,missing,24,1400,,14800.0,0,14800,6150,4000,,0,36000,26,,207,70.0,70,6150.0,4000.0,,,,,,,,,,,
2023-12-01,mohtel,24,1400,,14800.0,0,14800,6150,4000,37000.0,1000,37000,26,280.0,280,73.0,73,6150.0,4000.0,,,,,,,,,,,
2023-12-02,mohtel,24,1450,407.0,15207.0,407,15207,6387,4257,40652.0,3652,40652,26,280.0,280,76.0,76,6387.0,4257.0,652.0,1450.0,26.0,,,,,,,,
2023-12-03,mohtel,24,1473,316.0,15523.0,316,15523,6600,4300,41316.0,664,41316,26,281.0,281,77.0,77,6600.0,4300.0,664.0,1473.0,26.0,,,,,,,,
2023-12-04,mohtel,24,1473,376.0,15899.0,376,15899,6800,4500,42000.0,684,42000,26,283.0,283,,77,,,750.0,,,,,,,,,,
2023-12-05,gmotel,24,1550,725.0,16248.0,349,16248,7112,4885,43616.0,1616,43616,32,286.0,286,81.0,81,7112.0,4885.0,,1550.0,32.0,,,,,,,,
2023-12-06,missing,24,1550,,,579,16827,7550,5000,,1192,44808,32,,286,,81,,,,,,,,,,,,,
2023-12-07,mohtel,24,1576,350.0,17177.0,350,17177,7729,5153,46000.0,1192,46000,32,290.0,290,81.0,81,7729.0,5153.0,1900.0,1576.0,32.0,,,,,,,,
2023-12-08,mohtel,24,1576,313.0,17487.0,310,17487,7729,5246,46480.0,480,46480,32,,295,,81,,,558.0,,,,,,,,,,
2023-12-09,mohtel,24,1596,210.0,17700.0,213,17700,7870,6121,48780.0,2300,48780,32,295.0,295,,81,7870.0,6121.0,2300.0,,,,,,,,,,
2023-12-10,mohtel,24,1617,297.0,17997.0,297,17997,7875,6130,49229.0,449,49229,32,296.0,296,,81,7875.0,6130.0,449.0,,,,,,,,,,
2023-12-11,mohtel,24,1636,208.0,18205.0,208,18205,7900,6150,49645.0,416,49645,32,,296,,81,,,416.0,,,,,,,,,,
2023-12-12,mohtel,24,1644,207.0,18412.0,207,18412,8000,6200,50100.0,455,50100,32,300.0,300,86.0,86,8000.0,6200.0,450.0,1644.0,32.0,,,,,,,,
2023-12-13,mohtel,24,1660,196.0,18608.0,196,18608,8000,6200,50594.0,494,50594,32,300.0,300,,86,,,499.0,,,,,,,,,,
2023-12-14,mohtel,24,1678,179.0,18787.0,179,18787,8000,6200,50897.0,303,50897,32,300.0,300,,86,,,303.0,,,,,,,,,,
2023-12-15,gmotel,24,1680,,18800.0,13,18800,8000,6200,51000.0,103,51000,32,300.0,300,89.0,89,8000.0,6200.0,,1680.0,32.0,,,,,,,,
2023-12-16,missing,24,1680,,,217,19017,8000,6200,,200,51200,32,,300,,89,,,,,,,,,,,,,
2023-12-17,missing,24,1680,,,218,19235,8000,6200,,543,51743,32,,300,,89,,,,,,,,,,,,,
2023-12-18,mohtel,24,1696,151.0,19453.0,218,19453,8000,6200,52286.0,543,52286,32,300.0,300,96.0,96,8000.0,6200.0,313.0,,32.0,,,,,,,,
2023-12-19,mohtel,24,1697,214.0,19667.0,214,19667,8000,6200,52586.0,300,52586,35,310.0,310,97.0,97,8000.0,6200.0,300.0,1697.0,35.0,,,,,,,,
2023-12-20,mohtel,24,1697,,,130,19797,8000,6200,,245,52831,35,310.0,310,97.0,97,8000.0,6200.0,,,35.0,,,,,,,,
2023-12-21,mohtel,24,1697,,,130,19927,8000,6200,,244,53075,35,,310,,97,,,,,,,,,,,,,
2023-12-22,mohtel,24,1697,390.0,20057.0,130,20057,8000,6200,53320.0,245,53320,35,,310,,97,,,734.0,,,,,,,,,,
2023-12-23,mohtel,24,1697,201.0,20258.0,201,20258,8200,6200,53688.0,368,53688,35,310.0,310,100.0,100,8200.0,,368.0,,35.0,,,,,,,,
2023-12-24,mohtel,24,1697,166.0,20424.0,166,20424,8200,6200,54036.0,348,54036,35,,310,,97,,,384.0,,,,,,,,,,
2023-12-25,mohtel,24,1745,250.0,20674.0,250,20674,8500,6300,54536.0,500,54536,40,311.0,311,103.0,103,8500.0,6300.0,500.0,1745.0,40.0,,,,,,,,
2023-12-26,mohtel,24,1763,241.0,20915.0,241,20915,8500,6300,54918.0,382,54918,40,,311,,103,,,382.0,,,,,,,,,,
2023-12-27,mohtel,24,1779,195.0,21110.0,195,21110,8800,6300,55243.0,325,55243,40,311.0,311,103.0,103,8800.0,6300.0,325.0,1779.0,40.0,,,,,,,,
2023-12-28,mohtel,24,1799,210.0,21320.0,210,21320,8800,6300,55603.0,360,55603,40,,311,,103,,,360.0,,,,,,,,,,
2023-12-29,mohtel,24,1799,187.0,21507.0,187,21507,8800,6300,55915.0,312,55915,40,,311,,103,,,312.0,,,,,,,,,,
2023-12-30,mohtel,24,1813,165.0,21672.0,165,21672,9000,6450,56165.0,250,56165,40,312.0,312,106.0,106,9000.0,6450.0,250.0,1813.0,40.0,,,,,,,,
2023-12-31,mohtel,24,1825,150.0,21822.0,150,21822,9100,6500,56451.0,286,56451,40,312.0,312,106.0,106,9100.0,6500.0,286.0,1825.0,40.0,,,,,,,,
2024-01-01,mohtel,24,1838,156.0,21978.0,156,21978,9280,6600,56697.0,246,56697,40,326.0,326,106.0,106,9280.0,6600.0,246.0,1838.0,40.0,,,,,,,,
2024-01-02,mohtel,24,1853,207.0,22185.0,207,22185,9280,6600,57035.0,338,57035,40,,326,,106,,,338.0,,,,,,,,,,
2024-01-03,mohtel,24,1863,128.0,22313.0,128,22313,9400,6700,57296.0,261,57296,40,,326,,106,,,261.0,,,,,,,,,,
2024-01-04,mohtel,24,1876,125.0,22438.0,125,22438,9730,6830,57614.0,318,57614,40,326.0,326,,106,9730.0,6830.0,318.0,,,,,,,,,,
2024-01-05,mohtel,24,1891,162.0,22600.0,162,22600,9730,6830,57910.0,296,57910,40,,326,,106,,,296.0,,,,,,,,,,
2024-01-06,mohtel,24,1903,122.0,22722.0,122,22722,10000,7000,58166.0,256,58166,40,,326,,106,10000.0,7000.0,256.0,,,,,,,,,,
2024-01-07,mohtel,24,1915,113.0,22835.0,113,22835,10000,7000,58416.0,250,58416,40,,326,,106,10000.0,7000.0,250.0,,,,,,,,,,
2024-01-08,mohtel,24,1932,249.0,23084.0,249,23084,10000,7000,58926.0,510,58926,40,,326,,106,,,510.0,,,,,,,,,,
2024-01-09,mohtel,24,1944,126.0,23210.0,126,23210,10000,7000,59167.0,241,59167,40,,326,,106,10000.0,7000.0,241.0,,,,,,,,,,
2024-01-10,mohtel,24,1958,147.0,23357.0,147,23357,10000,7000,59410.0,243,59410,40,,326,,106,,,243.0,,,,,,,,,,
2024-01-11,mohtel,24,1968,112.0,23469.0,112,23469,10300,7100,59604.0,194,59604,40,337.0,337,,106,10300.0,7100.0,194.0,1968.0,,,,,,,,,
2024-01-12,mohtel,24,1981,151.0,23708.0,239,23708,10300,7100,60005.0,401,60005,40,,337,,106,,,248.0,,,,,,,,,,
2024-01-13,mohtel,24,1993,135.0,23843.0,135,23843,10400,7100,60317.0,312,60317,45,337.0,337,117.0,117,10400.0,7100.0,312.0,1993.0,45.0,,,,,,,,
2024-01-14,mohtel,24,2004,125.0,23968.0,125,23968,10600,7200,60582.0,265,60582,45,337.0,337,,117,10600.0,7200.0,265.0,2000.0,45.0,,,,,,,,
2024-01-15,mohtel,24,2016,132.0,24100.0,132,24100,10600,7200,60834.0,252,60834,45,,337,118.0,118,,,252.0,,,,,,,,,,
2024-01-16,mohtel,24,2031,158.0,24285.0,185,24285,10600,7200,61154.0,320,61154,45,,337,,118,,,320.0,,,,,,,,,,
2024-01-17,mohtel,24,2031,163.0,24448.0,163,24448,10600,7200,61504.0,350,61504,45,,337,,118,,,350.0,,,,,,,,,,
2024-01-18,mohtel,24,2046,172.0,24620.0,172,24620,10800,7250,61830.0,326,61830,45,337.0,337,119.0,119,10800.0,7250.0,326.0,,45.0,,,,,,,,
2024-01-19,mohtel,24,2058,142.0,24762.0,142,24762,10800,7250,62108.0,278,62108,45,,337,119.0,119,,,278.0,,,,,,,,,,
2024-01-20,mohtel,24,2072,165.0,24927.0,165,24927,10800,7250,62388.0,280,62388,45,,337,,119,,,280.0,,,,,,,,,,
2024-01-21,mohtel,24,2087,178.0,25105.0,178,25105,10800,7250,62681.0,293,62681,45,,337,,119,,,293.0,,,,,,,,,,
2024-01-22,mohtel,24,2119,190.0,25295.0,190,25295,11000,7500,63000.0,319,63000,45,337.0,337,119.0,119,11000.0,7500.0,340.0,2119.0,45.0,,,,,,,,
2024-01-23,mohtel,24,2141,195.0,25490.0,195,25490,11000,7500,63354.0,354,63354,45,,337,,119,,,354.0,,,,,,,,,,
2024-01-24,mohtel,24,2165,210.0,25700.0,210,25700,11000,7500,63740.0,386,63740,45,,337,,119,,,386.0,,,,,,,,,,
2024-01-25,mohtel,24,2186,200.0,25900.0,200,25900,11000,7500,64110.0,370,64110,45,,337,,119,,,370.0,,,,,,,,,,
2024-01-26,mohtel,24,2205,183.0,26083.0,183,26083,11000,7500,64487.0,377,64487,45,,337,,119,,,377.0,,,,,,,,,,
2024-01-27,mohtel,24,2223,174.0,26257.0,174,26257,11000,7500,64797.0,310,64797,45,,337,120.0,120,,,310.0,,,,,,,,,,
2024-01-28,mohtel,24,2242,165.0,26422.0,165,26422,11000,7500,65087.0,290,65087,45,,337,,120,,,290.0,,,,,,,,,,
2024-01-29,mohtel,24,2256,215.0,26637.0,215,26637,11000,7500,65387.0,300,65387,45,,337,122.0,122,,,300.0,,,,,,,,,,
2024-01-30,mohtel,24,2269,114.0,26751.0,114,26751,11500,8000,65636.0,249,65636,46,339.0,339,122.0,122,11500.0,8000.0,249.0,2269.0,46.0,,,,,,,,
2024-01-31,mohtel,24,2285,149.0,26900.0,149,26900,11500,8000,65949.0,313,65949,46,,339,,122,,,313.0,,,,,,,,,,
2024-02-01,mohtel,24,2300,119.0,27019.0,119,27019,11500,8000,66139.0,190,66139,46,,339,,122,,,190.0,,,,,,,,,,
2024-02-02,mohtel,24,2313,112.0,27131.0,112,27131,11500,8000,66287.0,148,66287,46,,339,,122,,,148.0,,,,,,,,,,
2024-02-03,mohtel,24,2325,107.0,27238.0,107,27238,12000,8190,66452.0,165,66452,46,339.0,339,122.0,122,12000.0,8190.0,165.0,2325.0,46.0,,,,,,,,
2024-02-04,mohtel,24,2339,127.0,27365.0,127,27365,12000,8190,66630.0,178,66630,46,,339,,122,,,178.0,,,,,,,,,,
2024-02-05,mohtel,24,2352,113.0,27478.0,113,27478,12000,8190,66835.0,205,66835,46,,339,,122,,,205.0,,,,,,,,,,
2024-02-06,mohtel,24,2364,107.0,27585.0,107,27585,12000,8190,66978.0,143,66978,46,,339,,122,,,143.0,,,,,,,,,,
2024-02-07,mohtel,24,2380,123.0,27708.0,123,27708,12000,8190,67147.0,169,67147,46,,339,123.0,123,,,169.0,,,,,,,,,,
2024-02-08,mohtel,24,2395,132.0,27840.0,132,27840,12150,8300,67317.0,170,67317,46,340.0,340,124.0,124,12150.0,8300.0,170.0,2395.0,,,,,,,,,
2024-02-09,mohtel,24,2408,107.0,27947.0,107,27947,12150,8300,67459.0,142,67459,46,,340,,124,,,142.0,,,,,,,,,,
2024-02-10,mohtel,24,2424,117.0,28064.0,117,28064,12150,8300,67611.0,152,67611,46,,340,,124,,,152.0,,,,,,,,,,
2024-02-11,mohtel,24,2438,112.0,28176.0,112,28176,12300,8400,67784.0,173,67784,46,340.0,340,124.0,124,12300.0,8400.0,173.0,2438.0,46.0,,,,,,,,
2024-02-12,mohtel,24,2457,164.0,28340.0,164,28340,12300,8400,67984.0,200,67984,46,,340,126.0,126,,,200.0,,,,,,,,,,
2024-02-13,mohtel,24,2473,133.0,28473.0,133,28473,12300,8400,68146.0,162,68146,46,,340,,126,,,162.0,,,,,,,,,,
2024-02-14,mohtel,24,2484,103.0,28576.0,103,28576,12300,8400,68291.0,145,68291,46,,340,,126,,,145.0,,,,,,,,,,
2024-02-15,mohtel,24,2493,87.0,28663.0,87,28663,12300,8400,68395.0,104,68395,46,,340,,126,,,104.0,,,,,,,,,,
2024-02-16,mohtel,24,2503,112.0,28775.0,112,28775,12660,8570,68552.0,157,68552,46,340.0,340,130.0,130,12660.0,8570.0,157.0,2503.0,46.0,,,,,,,,
2024-02-17,mohtel,24,2512,83.0,28858.0,83,28858,12660,8570,68677.0,125,68677,46,340.0,340,130.0,130,12660.0,8570.0,125.0,2512.0,46.0,,,,,,,,
2024-02-18,mohtel,24,2525,127.0,28985.0,127,28985,12660,8570,68883.0,206,68883,46,,340,,130,,,206.0,,,,,,,,,,
2024-02-19,mohtel,24,2534,107.0,29092.0,107,29092,12660,8570,69028.0,145,69028,46,,340,,130,,,145.0,,,,,,,,,,
2024-02-20,mohtel,24,2543,103.0,29195.0,103,29195,12660,8570,69170.0,142,69170,46,,340,,130,,,142.0,,,,,,,,,,
2024-02-21,mohtel,24,2554,118.0,29313.0,118,29313,12660,8570,69333.0,163,69333,46,,340,,130,,,163.0,,,,,,,,,,
2024-02-22,mohtel,24,2563,97.0,29410.0,97,29410,12660,8570,69465.0,132,69465,46,,340,,130,,,132.0,,,,,,,,,,
2024-02-23,mohtel,24,2573,104.0,29514.0,104,29514,13000,8800,69616.0,151,69616,47,340.0,340,132.0,132,13000.0,8800.0,151.0,2573.0,47.0,,,,,,,,
2024-02-24,mohtel,24,2581,92.0,29606.0,92,29606,13000,8800,69737.0,121,69737,47,,340,,132,,,121.0,,,,,,,,,,
2024-02-25,mohtel,24,2589,86.0,29692.0,86,29692,13000,8800,69879.0,142,69879,47,,340,,132,,,142.0,,,,,,,,,,
2024-02-26,mohtel,24,2599,90.0,29782.0,90,29782,13000,8800,70043.0,164,70043,47,,340,,132,,,164.0,,,,,,,,,,
2024-02-27,mohtel,24,2610,96.0,29878.0,96,29878,13000,8800,70215.0,172,70215,47,,340,,132,,,172.0,,,,,,,,,,
2024-02-28,mohtel,24,2618,76.0,29954.0,76,29954,13000,8800,70325.0,110,70325,47,,340,,132,,,110.0,,,,,,,,,,
2024-02-29,mohtel,24,2627,81.0,30035.0,81,30035,13230,8860,70457.0,132,70457,47,340.0,340,132.0,132,13230.0,8860.0,132.0,2627.0,47.0,,,,,,,,
2024-03-01,mohtel,24,2643,193.0,30228.0,193,30228,13230,8860,71377.0,920,71377,47,,340,,132,,,920.0,,,,,,,,,,
2024-03-02,mohtel,24,2653,92.0,30320.0,92,30320,13230,8860,71533.0,156,71533,47,,340,,132,,,156.0,,,,,,,,,,
2024-03-03,mohtel,24,2662,90.0,30410.0,90,30410,13230,8860,71710.0,177,71710,47,342.0,342,,132,,,177.0,,,,,,,,,,
2024-03-04,mohtel,24,2675,124.0,30534.0,124,30534,13430,8900,71920.0,210,71920,48,364.0,364,132.0,132,13430.0,8900.0,210.0,,48.0,,,,,,,,
2024-03-05,mohtel,24,2685,97.0,30631.0,97,30631,13430,8900,72043.0,123,72043,48,,364,,132,,,123.0,,,,,,,,,,
2024-03-06,mohtel,24,2694,86.0,30717.0,86,30717,13430,8900,72156.0,113,72156,48,,364,133.0,133,,,113.0,,,,,,,,,,
2024-03-07,mohtel,24,2703,83.0,30800.0,83,30800,13430,8900,72298.0,142,72298,48,,364,,133,,,142.0,,,,,,,,,,
2024-03-08,mohtel,24,2711,78.0,30878.0,78,30878,13430,8900,72402.0,104,72402,48,,364,,133,,,104.0,,,,,,,,,,
2024-03-09,mohtel,24,2713,82.0,30960.0,82,30960,13500,9000,72524.0,122,72524,48,364.0,364,133.0,133,13500.0,9000.0,122.0,,48.0,,,,,,,,
2024-03-10,mohtel,24,2721,85.0,31045.0,85,31045,13500,9000,72654.0,130,72654,48,,364,,133,,,130.0,2721.0,,,,,,,,,
2024-03-11,mohtel,24,2728,67.0,31112.0,67,31112,13500,9000,72760.0,106,72760,48,,364,,133,,,106.0,,,,,,,,,,
2024-03-12,mohtel,24,2736,72.0,31184.0,72,31184,13500,9000,72889.0,129,72889,48,,364,,133,,,129.0,,,,,,,,,,
2024-03-13,mohtel,24,2746,88.0,31272.0,88,31272,13500,9000,73024.0,135,73024,48,,364,,133,,,135.0,,,,,,,,,,
2024-03-14,mohtel,24,2761,69.0,31341.0,69,31341,13790,9100,73134.0,110,73134,48,364.0,364,133.0,133,13790.0,9100.0,110.0,2761.0,48.0,,,,,,,,
2024-03-15,mohtel,24,2774,149.0,31490.0,149,31490,13790,9100,73434.0,300,73434,48,,364,,133,,,300.0,,,,,,,,,,
2024-03-16,mohtel,24,2781,63.0,31553.0,63,31553,13790,9100,73546.0,112,73546,48,,364,,133,,,112.0,,,,,,,,,,
2024-03-17,mohtel,24,2790,92.0,31645.0,92,31645,13790,9100,73676.0,130,73676,48,,364,,133,,,130.0,,,,,,,,,,
2024-03-18,mohtel,24,2798,81.0,31726.0,81,31726,13790,9100,73792.0,116,73792,48,,364,,133,,,116.0,,,,,,,,,,
2024-03-19,mohtel,24,2807,93.0,31819.0,93,31819,14000,9220,73934.0,142,73934,48,364.0,364,135.0,135,14000.0,9220.0,142.0,2807.0,48.0,,,,,,,,
2024-03-20,mohtel,24,2817,104.0,31923.0,104,31923,14000,9220,74096.0,162,74096,48,,364,,135,,,162.0,,,,,,,,,,
2024-03-21,mohtel,24,2824,65.0,31988.0,65,31988,14000,9220,74188.0,92,74188,48,,364,,135,,,92.0,,,,,,,,,,
2024-03-22,mohtel,24,2833,82.0,32070.0,82,32070,14000,9220,74298.0,110,74298,48,,364,,135,,,110.0,,,,,,,,,,
2024-03-23,mohtel,24,2840,72.0,32142.0,72,32142,14000,9220,74412.0,114,74412,48,,364,,135,,,114.0,,,,,,,,,,
2024-03-24,mohtel,24,2848,84.0,32226.0,84,32226,14280,9340,74518.0,106,74518,48,364.0,364,136.0,136,14280.0,9340.0,106.0,2848.0,48.0,,,,,,,,
2024-03-25,mohtel,24,2859,107.0,32333.0,107,32333,14280,9340,74694.0,176,74694,48,,364,,136,,,176.0,,,,,,,,,,
2024-03-26,mohtel,24,2867,81.0,32414.0,81,32414,14280,9340,74787.0,93,74787,48,,364,,136,,,93.0,,,,,,,,,,
2024-03-27,mohtel,24,2875,76.0,32490.0,76,32490,14280,9340,74889.0,102,74889,48,,364,,136,,,102.0,,,,,,,,,,
2024-03-28,mohtel,24,2881,62.0,32552.0,62,32552,14280,9340,74980.0,91,74980,48,,364,,136,,,91.0,,,,,,,,,,
2024-03-29,mohtel,24,2888,71.0,32623.0,71,32623,14350,9460,75092.0,112,75092,48,364.0,364,136.0,136,14350.0,9460.0,112.0,2888.0,48.0,,,,,,,,
2024-03-30,mohtel,24,2896,82.0,32705.0,82,32705,14350,9460,75190.0,98,75190,48,,364,,136,,,98.0,,,,,,,,,,
2024-03-31,mohtel,24,2904,77.0,32782.0,77,32782,14350,9460,75298.0,108,75298,48,,364,137.0,137,,,108.0,,,,,,,,,,
2024-04-01,mohtel,24,2910,63.0,32845.0,63,32845,14350,9460,75392.0,94,75392,48,,364,138.0,138,,,94.0,,,,,,,,,,
2024-04-02,mohtel,24,2917,71.0,32916.0,71,32916,14350,9460,75494.0,102,75494,48,,364,,138,,,102.0,,,,,,,,,,
2024-04-03,mohtel,24,2922,59.0,32975.0,59,32975,14500,9560,75577.0,83,75577,65,484.0,484,140.0,140,14500.0,9560.0,83.0,2922.0,65.0,,,,,,,,
2024-04-04,mohtel,24,2928,62.0,33037.0,62,33037,14500,9560,75668.0,91,75668,65,,484,,140,,,91.0,,,,,,,,,,
2024-04-05,mohtel,24,2933,54.0,33091.0,54,33091,14500,9560,75750.0,82,75750,65,,484,,140,,,82.0,,,,,,,,,,
2024-04-06,mohtel,24,2937,46.0,33137.0,46,33137,14500,9560,75815.0,65,75815,65,,484,,140,,,65.0,,,,,,,,,,
2024-04-07,mohtel,24,2941,38.0,33175.0,38,33175,14500,9560,75886.0,71,75886,65,,484,,140,,,71.0,,,,,,,,,,
2024-04-08,mohtel,24,2941,32.0,33207.0,32,33207,14520,9568,75933.0,47,75933,65,485.0,485,140.0,140,14520.0,9568.0,47.0,2941.0,65.0,,,,,,,,
2024-04-09,mohtel,24,2948,153.0,33360.0,153,33360,14520,9568,75993.0,60,75993,65,,485,,140,,,60.0,,,,,,,,,,
2024-04-10,mohtel,24,2954,122.0,33482.0,122,33482,14520,9568,76049.0,56,76049,65,,485,,140,,,56.0,,,,,,,,,,
2024-04-11,mohtel,24,2960,63.0,33545.0,63,33545,14520,9568,76094.0,45,76094,65,,485,,140,,,45.0,,,,,,,,,,
2024-04-12,mohtel,24,2968,89.0,33634.0,89,33634,14520,9568,76214.0,120,76214,65,,485,,140,,,120.0,,,,,,,,,,
2024-04-13,mohtel,24,2973,52.0,33686.0,52,33686,14560,9582,76309.0,95,76309,66,485.0,485,140.0,140,14560.0,9582.0,95.0,2973.0,66.0,,,,,,,,
2024-04-14,mohtel,24,2977,43.0,33729.0,43,33729,14560,9582,76371.0,62,76371,66,,485,,140,,,62.0,,,,,,,,,,
2024-04-15,mohtel,24,2984,68.0,33797.0,68,33797,14560,9582,76465.0,94,76465,66,,485,,140,,,94.0,,,,,,,,,,
2024-04-16,mohtel,24,2989,46.0,33843.0,46,33843,14560,9582,76575.0,110,76575,66,,485,,140,,,110.0,,,,,,,,,,
2024-04-17,mohtel,24,2995,56.0,33899.0,56,33899,14560,9582,76664.0,89,76664,66,,485,,140,,,89.0,,,,,,,,,,
2024-04-18,mohtel,24,3002,71.0,33970.0,71,33970,14685,9670,76770.0,106,76770,66,485.0,485,140.0,140,14685.0,9670.0,106.0,3002.0,66.0,,,,,,,,
2024-04-19,mohtel,24,3006,42.0,34012.0,42,34012,14685,9670,76833.0,63,76833,66,,485,,140,,,63.0,,,,,,,,,,
2024-04-20,mohtel,24,3010,37.0,34049.0,37,34049,14685,9670,76901.0,68,76901,66,,485,,140,,,68.0,,,,,,,,,,
2024-04-21,mohtel,24,3015,48.0,34097.0,48,34097,14685,9670,76980.0,79,76980,66,,485,,140,,,79.0,,,,,,,,,,
2024-04-22,mohtel,24,3021,54.0,34151.0,54,34151,14685,9670,77084.0,104,77084,66,,485,,140,,,104.0,,,,,,,,,,
2024-04-23,mohtel,24,3025,32.0,34183.0,32,34183,14778,9752,77143.0,59,77143,67,485.0,485,140.0,140,14778.0,9752.0,59.0,3025.0,67.0,,,,,,,,
2024-04-24,mohtel,24,3031,79.0,34262.0,79,34262,14778,9752,77229.0,86,77229,67,,485,,140,,,86.0,,,,,,,,,,
2024-04-25,mohtel,24,3036,43.0,34305.0,43,34305,14778,9752,77293.0,64,77293,67,,485,141.0,141,,,64.0,,,,,,,,,,
2024-04-26,mohtel,24,3041,51.0,34356.0,51,34356,14778,9752,77368.0,75,77368,67,,485,,141,,,75.0,,,,,,,,,,
2024-04-27,mohtel,24,3045,32.0,34388.0,32,34388,14778,9752,77437.0,69,77437,67,,485,,141,,,69.0,,,,,,,,,,
2024-04-28,mohtel,24,3052,66.0,34454.0,66,34454,14873,9801,77575.0,138,77575,67,491.0,491,141.0,141,14873.0,9801.0,138.0,3052.0,67.0,,,,,,,,
2024-04-29,mohtel,24,3055,34.0,34488.0,34,34488,14873,9801,77643.0,68,77643,67,,491,,141,,,68.0,,,,,,,,,,
2024-04-30,mohtel,24,3060,47.0,34535.0,47,34535,14873,9801,77704.0,61,77704,67,,491,,141,,,61.0,,,,,,,,,,
2024-05-01,mohtel,24,3064,33.0,34568.0,33,34568,14873,9801,77765.0,61,77765,67,,491,,141,,,61.0,,,,,,,,,,
2024-05-02,mohtel,24,3067,28.0,34596.0,28,34596,14873,9801,77816.0,51,77816,67,,491,,141,,,51.0,,,,,,,,,,
2024-05-03,mohtel,24,3070,26.0,34622.0,26,34622,14944,9849,77867.0,51,77867,68,492.0,492,141.0,141,14944.0,9849.0,51.0,3070.0,68.0,,,,,,,,
2024-05-04,mohtel,24,3073,32.0,34654.0,32,34654,14944,9849,77908.0,41,77908,68,,492,,141,,,41.0,,,,,,,,,,
2024-05-05,mohtel,24,3076,29.0,34683.0,29,34683,14944,9849,78018.0,110,78018,68,,492,,141,,,110.0,,,,,,,,,,
2024-05-06,mohtel,24,3081,52.0,34735.0,52,34735,14944,9849,78108.0,90,78108,68,,492,142.0,142,,,90.0,,,,,,,,,,
2024-05-07,mohtel,24,3087,54.0,34789.0,54,34789,14944,9849,78204.0,96,78204,68,,492,,142,,,96.0,,,,,,,,,,
2024-05-08,mohtel,24,3094,55.0,34844.0,55,34844,15002,9893,78404.0,200,78404,68,492.0,492,142.0,142,15002.0,9893.0,200.0,3094.0,68.0,,,,,,,,
2024-05-09,mohtel,24,3098,60.0,34904.0,60,34904,15002,9893,78514.0,110,78514,68,,492,,142,,,110.0,,,,,,,,,,
2024-05-10,mohtel,24,3104,39.0,34943.0,39,34943,15002,9893,78572.0,58,78572,68,,492,,142,,,58.0,,,,,,,,,,
2024-05-11,mohtel,24,3108,28.0,34971.0,28,34971,15002,9893,78641.0,69,78641,68,,492,143.0,143,,,69.0,,,,,,,,,,
2024-05-12,mohtel,24,3116,63.0,35034.0,63,35034,15002,9893,78755.0,114,78755,68,,492,,143,,,114.0,,,,,,,,,,
2024-05-13,mohtel,24,3123,57.0,35091.0,57,35091,15103,9961,78827.0,72,78827,69,492.0,492,143.0,143,15103.0,9961.0,72.0,3123.0,69.0,,,,,,,,
2024-05-14,mohtel,24,3131,82.0,35173.0,82,35173,15103,9961,79061.0,234,79061,69,,492,,143,,,234.0,,,,,,,,,,
2024-05-15,mohtel,24,3136,60.0,35233.0,60,35233,15103,9961,79141.0,80,79141,69,,492,,143,,,80.0,,,,,,,,,,
2024-05-16,mohtel,24,3140,39.0,35272.0,39,35272,15103,9961,79205.0,64,79205,69,,492,147.0,147,,,64.0,,,,,,,,,,
2024-05-17,mohtel,24,3144,31.0,35303.0,31,35303,15103,9961,79261.0,56,79261,69,,492,,147,,,56.0,,,,,,,,,,
2024-05-18,mohtel,24,3153,83.0,35386.0,83,35386,15162,10018,79366.0,105,79366,69,492.0,492,147.0,147,15162.0,10018.0,105.0,3153.0,69.0,,,,,,,,
2024-05-19,mohtel,24,3161,70.0,35456.0,70,35456,15162,10018,79476.0,110,79476,69,,492,,147,,,110.0,,,,,,,,,,
2024-05-20,mohtel,24,3171,106.0,35562.0,106,35562,15162,10018,79652.0,176,79652,69,,492,,147,,,176.0,,,,,,,,,,
2024-05-21,mohtel,24,3176,85.0,35647.0,85,35647,15162,10018,79852.0,200,79852,69,,492,,147,,,200.0,,,,,,,,,,
2024-05-22,mohtel,24,3182,62.0,35709.0,62,35709,15162,10018,79990.0,138,79990,69,,492,,147,,,138.0,,,,,,,,,,
2024-05-23,mohtel,24,3191,91.0,35800.0,91,35800,15239,10093,80200.0,210,80200,69,493.0,493,147.0,147,15239.0,10093.0,210.0,3191.0,69.0,,,,,,,,
2024-05-24,mohtel,24,3197,57.0,35857.0,57,35857,15239,10093,80293.0,93,80293,69,,493,,147,,,93.0,,,,,,,,,,
2024-05-25,mohtel,24,3202,46.0,35903.0,46,35903,15239,10093,80420.0,127,80420,69,,493,,147,,,127.0,,,,,,,,,,
2024-05-26,mohtel,24,3210,81.0,35984.0,81,35984,15239,10093,80643.0,223,80643,69,,493,,147,,,223.0,,,,,,,,,,
2024-05-27,mohtel,24,3217,66.0,36050.0,66,36050,15239,10093,81026.0,383,81026,69,495.0,495,,147,,,383.0,,,,,,,,,,
2024-05-28,mohtel,24,3222,46.0,36096.0,46,36096,15328,10171,81136.0,110,81136,69,496.0,496,147.0,147,15328.0,10171.0,110.0,3222.0,69.0,,,,,,,,
2024-05-29,mohtel,24,3228,75.0,36171.0,75,36171,15328,10171,81420.0,284,81420,69,,496,,147,,,284.0,,,,,,,,,,
2024-05-30,mohtel,24,3233,53.0,36224.0,53,36224,15328,10171,81777.0,357,81777,69,498.0,498,,147,,,357.0,,,,,,,,,,
2024-05-31,mohtel,24,3238,60.0,36284.0,60,36284,15328,10171,82057.0,280,82057,69,,498,,147,,,280.0,,,,,,,,,,
2024-06-01,mohtel,24,3243,95.0,36379.0,95,36379,15328,10171,82407.0,350,82407,69,,498,,147,,,350.0,,,,,,,,,,
2024-06-02,mohtel,24,3247,60.0,36439.0,60,36439,15348,10231,82627.0,220,82627,70,498.0,498,147.0,147,15348.0,10231.0,220.0,3247.0,70.0,,,,,,,,
2024-06-03,mohtel,24,3251,40.0,36479.0,40,36479,15348,10231,82777.0,150,82777,70,,498,,147,,,150.0,,,,,,,,,,
2024-06-04,mohtel,24,3258,71.0,36550.0,71,36550,15348,10231,82959.0,182,82959,70,,498,,147,,,182.0,,,,,,,,,,
2024-06-05,mohtel,24,3262,36.0,36586.0,36,36586,15348,10231,83074.0,115,83074,70,,498,,147,,,115.0,,,,,,,,,,
2024-06-06,mohtel,24,3268,68.0,36654.0,68,36654,15348,10231,83309.0,235,83309,70,,498,,147,,,235.0,,,,,,,,,,
2024-06-07,mohtel,24,3276,77.0,36731.0,77,36731,15517,10279,83530.0,221,83530,70,498.0,498,147.0,147,15517.0,10279.0,221.0,3276.0,70.0,,,,,,,,
2024-06-08,mohtel,24,3281,70.0,36801.0,70,36801,15517,10279,83680.0,150,83680,70,,498,,147,,,150.0,,,,,,,,,,
2024-06-09,mohtel,24,3289,283.0,37084.0,283,37084,15517,10279,84494.0,814,84494,70,,498,150.0,150,,,814.0,,,,,,,,,,
2024-06-10,mohtel,24,3294,40.0,37124.0,40,37124,15517,10279,84712.0,218,84712,70,,498,,150,,,218.0,,,,,,,,,,
2024-06-11,mohtel,24,3297,40.0,37164.0,40,37164,15517,10279,84832.0,120,84832,70,,498,,150,,,120.0,,,,,,,,,,
2024-06-12,mohtel,24,3300,38.0,37202.0,38,37202,15694,10367,84932.0,100,84932,70,498.0,498,150.0,150,15694.0,10367.0,100.0,3300.0,70.0,,,,,,,,
2024-06-13,mohtel,24,3303,30.0,37232.0,30,37232,15694,10367,85037.0,105,85037,70,,498,,150,,,105.0,,,,,,,,,,
2024-06-14,mohtel,24,3307,34.0,37266.0,34,37266,15694,10367,85102.0,65,85102,70,,498,,150,,,65.0,,,,,,,,,,
2024-06-15,mohtel,24,3310,30.0,37296.0,30,37296,15694,10367,85197.0,95,85197,70,,498,,150,,,95.0,,,,,,,,,,
2024-06-16,mohtel,24,3313,41.0,37337.0,41,37337,15694,10367,85299.0,102,85299,70,,498,,150,,,102.0,,,,,,,,,,
2024-06-17,mohtel,24,3315,10.0,37347.0,10,37347,15747,10406,85372.0,73,85372,70,498.0,498,151.0,151,15747.0,10406.0,73.0,3315.0,70.0,,,,,,,,
2024-06-18,mohtel,24,3318,25.0,37372.0,25,37372,15747,10406,85452.0,80,85452,70,,498,,151,,,80.0,,,,,,,,,,
2024-06-19,mohtel,24,3321,24.0,37396.0,24,37396,15747,10406,85523.0,71,85523,70,,498,,151,,,71.0,,,,,,,,,,
2024-06-20,mohtel,24,3325,35.0,37431.0,35,37431,15747,10406,85653.0,130,85653,70,,498,,151,,,130.0,,,,,,,,,,
2024-06-21,mohtel,24,3328,19.0,37450.0,19,37450,15747,10406,85742.0,89,85742,70,,498,,151,,,89.0,,,,,,,,,,
2024-06-22,mohtel,24,3331,101.0,37551.0,101,37551,15821,10475,85911.0,169,85911,70,499.0,499,152.0,152,15821.0,10475.0,169.0,3331.0,70.0,,,,,,,,
2024-06-23,mohtel,24,3334,47.0,37598.0,47,37598,15821,10475,86032.0,121,86032,70,,499,,152,,,121.0,,,,,,,,,,
2024-06-24,mohtel,24,3334,28.0,37626.0,28,37626,15821,10475,86098.0,66,86098,70,,499,,152,,,66.0,,,,,,,,,,
2024-06-25,mohtel,24,3337,32.0,37658.0,32,37658,15821,10475,86237.0,139,86237,70,,499,,152,,,139.0,,,,,,,,,,
2024-06-26,mohtel,24,3341,60.0,37718.0,60,37718,15821,10475,86377.0,140,86377,70,,499,,152,,,140.0,,,,,,,,,,
2024-06-27,mohtel,24,3344,47.0,37765.0,47,37765,15882,10538,86429.0,52,86429,74,500.0,500,152.0,152,15882.0,10538.0,52.0,3344.0,74.0,,,,,,,,
2024-06-28,mohtel,24,3348,29.0,37794.0,29,37794,15882,10538,86634.0,205,86634,74,,500,,152,,,205.0,,,,,,,,,,
2024-06-29,mohtel,24,3351,40.0,37834.0,40,37834,15882,10538,86858.0,224,86858,74,,500,,152,,,224.0,,,,,,,,,,
2024-06-30,mohtel,24,3354,43.0,37877.0,43,37877,15882,10538,86969.0,111,86969,74,,500,,152,,,111.0,,,,,,,,,,
2024-07-01,mohtel,24,3356,23.0,37900.0,23,37900,15882,10538,87060.0,91,87060,74,,500,153.0,153,,,91.0,,,,,,,,,,
2024-07-02,mohtel,24,3359,25.0,37925.0,25,37925,15919,10569,87141.0,81,87141,75,500.0,500,153.0,153,15919.0,10569.0,81.0,3359.0,75.0,,,,,,,,
2024-07-03,mohtel,24,3362,28.0,37953.0,28,37953,15919,10569,87266.0,125,87266,75,,500,,153,,,125.0,,,,,,,,,,
2024-07-04,mohtel,24,3366,58.0,38011.0,58,38011,15919,10569,87445.0,179,87445,75,,500,,153,,,179.0,,,,,,,,,,
2024-07-05,mohtel,24,3370,58.0,38069.0,58,38069,15919,10569,87605.0,160,87605,75,,500,,153,,,160.0,,,,,,,,,,
2024-07-06,mohtel,24,3373,29.0,38098.0,29,38098,15919,10569,87705.0,100,87705,75,,500,158.0,158,,,100.0,,,,,,,,,,
2024-07-07,mohtel,24,3376,55.0,38153.0,55,38153,15983,10637,87828.0,123,87828,75,500.0,500,158.0,158,15983.0,10637.0,123.0,3376.0,75.0,,,,,,,,
2024-07-08,mohtel,24,3379,40.0,38193.0,40,38193,15983,10637,87903.0,75,87903,75,,500,,158,,,75.0,,,,,,,,,,
2024-07-09,mohtel,24,3382,50.0,38243.0,50,38243,15983,10637,88033.0,130,88033,75,,500,,158,,,130.0,,,,,,,,,,
2024-07-10,mohtel,24,3386,52.0,38295.0,52,38295,15983,10637,88241.0,208,88241,75,,500,,158,,,208.0,,,,,,,,,,
2024-07-11,mohtel,24,3388,50.0,38345.0,50,38345,16054,10700,88295.0,54,88295,75,500.0,500,158.0,158,16054.0,10700.0,54.0,3388.0,75.0,,,,,,,,
2024-07-12,mohtel,24,3391,37.0,38382.0,37,38382,16054,10700,88352.0,57,88352,75,,500,,158,,,57.0,,,,,,,,,,
2024-07-13,mohtel,24,3395,61.0,38443.0,61,38443,16054,10700,88481.0,129,88481,75,,500,,158,,,129.0,,,,,,,,,,
2024-07-14,mohtel,24,3399,141.0,38584.0,141,38584,16054,10700,88881.0,400,88881,75,,500,,158,,,400.0,,,,,,,,,,
2024-07-15,mohtel,24,3402,80.0,38664.0,80,38664,16054,10700,89097.0,216,89097,75,,500,,158,,,216.0,,,,,,,,,,
2024-07-16,mohtel,24,3404,49.0,38713.0,49,38713,16054,10700,89166.0,69,89166,75,,500,160.0,160,,,69.0,,,,,,,,,,
2024-07-17,mohtel,24,3408,81.0,38794.0,81,38794,16172,10798,89364.0,198,89364,79,500.0,500,160.0,160,16172.0,10798.0,198.0,3408.0,79.0,,,,,,,,
2024-07-18,mohtel,24,3411,54.0,38848.0,54,38848,16172,10798,89459.0,95,89459,79,,500,,160,,,95.0,,,,,,,,,,
2024-07-19,mohtel,24,3414,34.0,38882.0,34,38882,16172,10798,89568.0,109,89568,79,,500,,160,,,109.0,,,,,,,,,,
2024-07-20,mohtel,24,3418,37.0,38919.0,37,38919,16172,10798,89622.0,54,89622,79,,500,161.0,161,,,54.0,,,,,,,,,,
2024-07-21,mohtel,24,3422,64.0,38983.0,64,38983,16172,10798,89727.0,105,89727,79,,500,162.0,162,,,105.0,,,,,,,,,,
2024-07-22,mohtel,24,3425,23.0,39006.0,23,39006,16251,10859,89818.0,91,89818,79,500.0,500,163.0,163,16251.0,10859.0,91.0,3425.0,79.0,,,,,,,,
2024-07-23,mohtel,24,3433,84.0,39090.0,84,39090,16251,10859,90147.0,329,90147,79,,500,,163,,,329.0,,,,,,,,,,
2024-07-24,mohtel,24,3436,55.0,39145.0,55,39145,16251,10859,90257.0,110,90257,79,,500,,163,,,110.0,,,,,,,,,,
2024-07-25,mohtel,24,3439,30.0,39175.0,30,39175,16251,10859,90403.0,146,90403,79,,500,,163,,,146.0,,,,,,,,,,
2024-07-26,mohtel,24,3439,42.0,39217.0,42,39217,16251,10859,90486.0,83,90486,79,,500,,163,,,83.0,,,,,,,,,,
2024-07-27,mohtel,24,3443,41.0,39258.0,41,39258,16251,10921,90589.0,103,90589,79,885.0,885,163.0,163,16251.0,10921.0,103.0,3443.0,79.0,,,,,,,,
2024-07-28,mohtel,24,3446,66.0,39324.0,66,39324,16251,10921,90830.0,241,90830,79,,885,,163,,,241.0,,,,,,,,,,
2024-07-29,mohtel,24,3449,39.0,39363.0,39,39363,16251,10921,90923.0,93,90923,79,,885,,163,,,93.0,,,,,,,,,,
2024-07-30,mohtel,24,3452,37.0,39400.0,37,39400,16251,10921,90996.0,73,90996,79,,885,,163,,,73.0,,,,,,,,,,
2024-07-31,mohtel,24,3455,45.0,39445.0,45,39445,16251,10921,91073.0,77,91073,79,,885,,163,,,77.0,,,,,,,,,,
2024-08-01,mohtel,24,3457,35.0,39480.0,35,39480,16314,10980,91128.0,55,91128,79,885.0,885,165.0,165,16314.0,10980.0,55.0,3457.0,79.0,,,,,,,,
2024-08-02,mohtel,24,3460,39.0,39519.0,39,39519,16314,10980,91218.0,90,91218,79,,885,,165,,,90.0,,,,,,,,,,
2024-08-03,mohtel,24,3463,31.0,39550.0,31,39550,16314,10980,91280.0,62,91280,79,,885,,165,,,62.0,,,,,,,,,,
2024-08-04,mohtel,24,3465,33.0,39583.0,33,39583,16314,10980,91398.0,118,91398,79,,885,,165,,,118.0,,,,,,,,,,
2024-08-05,mohtel,24,3468,40.0,39623.0,40,39623,16314,10980,91469.0,71,91469,79,,885,,165,,,71.0,,,,,,,,,,
2024-08-06,mohtel,24,3471,30.0,39653.0,30,39653,16365,11012,91535.0,66,91535,79,885.0,885,166.0,166,16365.0,11012.0,66.0,3471.0,79.0,,,,,,,,
2024-08-07,mohtel,24,3473,24.0,39677.0,24,39677,16365,11012,91645.0,110,91645,79,,885,,166,,,110.0,,,,,,,,,,
2024-08-08,mohtel,24,3477,22.0,39699.0,22,39699,16365,11012,91722.0,77,91722,79,,885,,166,,,77.0,,,,,,,,,,
2024-08-09,mohtel,24,3480,51.0,39750.0,51,39750,16365,11012,91862.0,140,91862,79,,885,168.0,168,,,140.0,,,,,,,,,,
2024-08-10,mohtel,24,3483,40.0,39790.0,40,39790,16365,11012,92002.0,140,92002,79,,885,,168,,,140.0,,,,,,,,,,
2024-08-11,mohtel,0,3483,0.0,39790.0,0,39790,16365,11012,92002.0,0,92002,79,,885,,168,,,0.0,,,,,,,,,,
2024-08-12,mohtel,48,3486,107.0,39897.0,107,39897,16456,11088,92152.0,150,92152,79,885.0,885,168.0,168,16456.0,11088.0,150.0,3486.0,79.0,,,,,,,,
2024-08-13,mohtel,24,3488,32.0,39929.0,32,39929,16456,11088,92240.0,88,92240,79,,885,,168,,,88.0,,,,,,,,,,
2024-08-14,mohtel,24,3490,36.0,39965.0,36,39965,16456,11088,92294.0,54,92294,79,,885,,168,,,54.0,,,,,,,,,,
2024-08-15,mohtel,24,3493,40.0,40005.0,40,40005,16456,11088,92401.0,107,92401,79,,885,,168,,,107.0,,,,,,,,,,
2024-08-16,mohtel,0,3493,0.0,40005.0,0,40005,16456,11088,92401.0,0,92401,79,,885,,168,,,0.0,,,,,,,,,,
2024-08-17,mohtel,48,3498,69.0,40074.0,69,40074,16456,11088,92537.0,136,92537,79,,885,,168,,,136.0,,,,,,,,,,
2024-08-18,mohtel,24,3500,25.0,40099.0,25,40099,16456,11088,92609.0,72,92609,79,,885,,168,,,72.0,,,,,,,,,,
2024-08-19,mohtel,24,3503,40.0,40139.0,40,40139,16456,11088,92743.0,134,92743,79,,885,169.0,169,,,134.0,,,,,,,,,,
2024-08-20,mohtel,24,3506,34.0,40173.0,34,40173,16456,11088,92857.0,114,92857,79,,885,,169,,,114.0,,,,,,,,,,
2024-08-21,mohtel,24,3510,50.0,40223.0,50,40223,16456,11088,92981.0,124,92981,79,,885,170.0,170,,,124.0,,,,,,,,,,
2024-08-22,mohtel,24,3514,42.0,40265.0,42,40265,16456,11088,93144.0,163,93144,79,,885,,170,,,163.0,,,,,,,,,,
2024-08-23,mohtel,0,3514,0.0,40265.0,0,40265,16456,11088,93144.0,0,93144,79,,885,,170,,,0.0,,,,,,,,,,
2024-08-24,mohtel,48,3519,69.0,40334.0,69,40334,16456,11088,93356.0,212,93356,79,,885,,170,,,212.0,,,,,,,,,,
2024-08-25,mohtel,24,3522,71.0,40405.0,71,40405,16456,11088,93468.0,112,93468,79,,885,,170,,,112.0,,,,,,,,,,
2024-08-26,mohtel,24,3524,30.0,40435.0,30,40435,16589,11207,93534.0,66,93534,82,885.0,885,170.0,170,16589.0,11207.0,66.0,3524.0,82.0,,,,,,,,
2024-08-27,mohtel,24,3524,41.0,40435.0,41,40476,16589,11207,93534.0,113,93647,82,,885,171.0,171,,,113.0,,,,,,,,,,
2024-08-28,mohtel,24,3528,58.0,40534.0,58,40534,16589,11207,93778.0,131,93778,82,,885,172.0,172,,,131.0,,,,,,,,,,
2024-08-29,mohtel,24,3532,68.0,40602.0,68,40602,16589,11207,93855.0,77,93855,82,,885,,172,,,77.0,,,,,,,,,,
2024-08-30,mohtel,0,3532,0.0,40602.0,0,40602,16589,11207,93855.0,0,93855,82,,885,,172,,,0.0,,,,,,,,,,
2024-08-31,mohtel,48,3537,89.0,40691.0,89,40691,16673,11269,94060.0,205,94060,82,885.0,885,172.0,172,16673.0,11269.0,205.0,3537.0,82.0,,,,,,,,
2024-09-01,mohtel,24,3540,47.0,40738.0,47,40738,16673,11269,94154.0,94,94154,82,,885,,172,,,94.0,,,,,,,,,,
2024-09-02,mohtel,24,3543,48.0,40786.0,48,40786,16673,11269,94224.0,70,94224,82,,885,,172,,,70.0,,,,,,,,,,
2024-09-03,mohtel,24,3546,33.0,40819.0,33,40819,16673,11269,94291.0,67,94291,82,,885,,172,,,67.0,,,,,,,,,,
2024-09-04,mohtel,24,3549,42.0,40861.0,42,40861,16673,11269,94398.0,107,94398,82,,885,,172,,,107.0,,,,,,,,,,
2024-09-05,mohtel,24,3551,17.0,40878.0,17,40878,16673,11269,94454.0,56,94454,82,,885,,172,,,56.0,,,,,,,,,,
2024-09-06,mohtel,0,3551,0.0,40878.0,0,40878,16673,11269,94454.0,0,94454,82,,885,,172,,,0.0,,,,,,,,,,
2024-09-07,mohtel,48,3555,61.0,40939.0,61,40939,16673,11269,94616.0,162,94616,82,,885,,172,,,162.0,,,,,,,,,,
2024-09-08,mohtel,24,3558,33.0,40972.0,33,40972,16673,11269,94761.0,145,94761,82,,885,,172,,,145.0,,,,,,,,,,
2024-09-09,mohtel,24,3560,16.0,40988.0,16,40988,16673,11269,94825.0,64,94825,82,,885,,172,,,64.0,,,,,,,,,,
2024-09-10,mohtel,24,3563,32.0,41020.0,32,41020,16756,11346,94925.0,100,94925,82,885.0,885,172.0,172,16756.0,11346.0,100.0,3568.0,82.0,,,,,,,,
2024-09-11,mohtel,24,3567,64.0,41084.0,64,41084,16756,11346,95029.0,104,95029,82,,885,,172,,,104.0,,,,,,,,,,
2024-09-12,mohtel,24,3570,34.0,41118.0,34,41118,16756,11346,95125.0,96,95125,82,,885,,172,,,96.0,,,,,,,,,,
2024-09-13,mohtel,0,3570,0.0,41118.0,0,41118,16756,11346,95125.0,0,95125,82,,885,,172,,,0.0,,,,,,,,,,
2024-09-14,mohtel,48,3574,64.0,41182.0,64,41182,16756,11346,95280.0,155,95280,82,,885,,172,,,155.0,,,,,,,,,,
2024-09-15,mohtel,24,3577,24.0,41206.0,24,41206,16795,11378,95337.0,57,95337,83,885.0,885,173.0,173,16795.0,11378.0,57.0,3584.0,83.0,,,,,,,,
2024-09-16,mohtel,24,3580,20.0,41226.0,20,41226,16795,11378,95413.0,76,95413,83,,885,,173,,,76.0,,,,,,,,,,
2024-09-17,mohtel,24,3583,26.0,41252.0,26,41252,16795,11378,95497.0,84,95497,83,,885,,173,,,84.0,,,,,,,,,,
2024-09-18,mohtel,24,3585,20.0,41272.0,20,41272,16795,11378,95551.0,54,95551,83,,885,,173,,,54.0,,,,,,,,,,
2024-09-19,mohtel,0,3585,0.0,41272.0,0,41272,16795,11378,95551.0,0,95551,83,,885,,173,,,0.0,,,,,,,,,,
2024-09-20,mohtel,0,3585,0.0,41272.0,0,41272,16795,11378,95551.0,0,95551,83,,885,,173,,,0.0,,,,,,,,,,
2024-09-21,mohtel,72,3597,119.0,41391.0,119,41391,16795,11378,95760.0,209,95760,83,,885,,173,,,209.0,,,,,,,,,,
2024-09-22,mohtel,24,3600,40.0,41431.0,40,41431,16795,11378,95818.0,58,95818,83,,885,,173,,,58.0,,,,,,,,,,
2024-09-23,mohtel,24,3603,24.0,41455.0,24,41455,16795,11378,95878.0,60,95878,83,,885,,173,,,60.0,,,,,,,,,,
2024-09-24,mohtel,24,3606,12.0,41467.0,12,41467,16795,11378,95921.0,43,95921,83,,885,,173,,,43.0,,,,,,,,,,
2024-09-25,mohtel,24,3610,28.0,41495.0,28,41495,16859,11429,96006.0,85,96006,85,986.0,986,173.0,173,16859.0,11429.0,85.0,3617.0,85.0,,,,,,,,
2024-09-26,mohtel,24,3614,39.0,41534.0,39,41534,16859,11429,96092.0,86,96092,85,,986,,173,,,86.0,,,,,,,,,,
2024-09-27,mohtel,0,3614,0.0,41534.0,0,41534,16859,11429,96092.0,0,96092,85,,986,,173,,,0.0,,,,,,,,,,
2024-09-28,mohtel,48,3618,52.0,41586.0,52,41586,16859,11429,96210.0,118,96210,85,,986,,173,,,118.0,,,,,,,,,,
2024-09-29,mohtel,24,3618,9.0,41595.0,9,41595,16859,11429,96251.0,41,96251,85,,986,,173,,,41.0,,,,,,,,,,
2024-09-30,mohtel,24,3620,20.0,41615.0,20,41615,16891,11458,96359.0,108,96359,85,986.0,986,174.0,174,16891.0,11458.0,108.0,3628.0,85.0,,,,,,,,
2024-10-01,mohtel,24,3624,23.0,41638.0,23,41638,16891,11458,96460.0,101,96460,85,,986,,174,,,101.0,,,,,,,,,,
2024-10-02,mohtel,24,3629,51.0,41689.0,51,41689,16891,11458,96625.0,165,96625,85,,986,,174,,,165.0,,,,,,,,,,
2024-10-03,mohtel,24,3637,99.0,41788.0,99,41788,16891,11458,96794.0,169,96794,85,,986,,174,,,169.0,,,,,,,,,,
2024-10-04,mohtel,24,3640,14.0,41802.0,14,41802,16891,11458,96844.0,50,96844,85,,986,,174,,,50.0,,,,,,,,,,
2024-10-05,mohtel,24,3643,23.0,41825.0,23,41825,16891,11458,96910.0,66,96910,85,,986,,174,,,66.0,,,,,,,,,,
2024-10-06,mohtel,24,3646,45.0,41870.0,45,41870,16927,11487,97166.0,256,97166,85,986.0,986,175.0,175,16927.0,11487.0,256.0,3654.0,85.0,,,,,,,,
2024-10-07,mohtel,24,3650,39.0,41909.0,39,41909,16927,11487,97303.0,137,97303,85,,986,,175,,,137.0,,,,,,,,,,
2024-10-08,mohtel,24,3658,56.0,41965.0,56,41965,16927,11487,97590.0,287,97590,85,,986,,175,,,287.0,,,,,,,,,,
2024-10-09,mohtel,24,3661,45.0,42010.0,45,42010,16927,11487,97720.0,130,97720,85,,986,176.0,176,,,130.0,,,,,,,,,,
2024-10-10,mohtel,24,3666,55.0,42065.0,55,42065,16927,11487,97886.0,166,97886,85,,986,,176,,,166.0,,,,,,,,,,
2024-10-11,mohtel,24,3670,61.0,42126.0,61,42126,16927,11487,98117.0,231,98117,85,,986,,176,,,231.0,,,,,,,,,,
2024-10-12,mohtel,24,3675,49.0,42175.0,49,42175,16927,11487,98336.0,219,98336,85,,986,,176,,,219.0,,,,,,,,,,
2024-10-13,mohtel,24,3679,52.0,42227.0,52,42227,16927,11487,98464.0,128,98464,85,,986,,176,,,128.0,,,,,,,,,,
2024-10-14,mohtel,24,3683,62.0,42289.0,62,42289,16927,11487,98684.0,220,98684,85,,986,177.0,177,,,220.0,,,,,,,,,,
2024-10-15,mohtel,24,3687,55.0,42344.0,55,42344,17029,11585,99013.0,329,99013,85,986.0,986,177.0,177,17029.0,11585.0,329.0,3695.0,85.0,,,,,,,,
2024-10-16,mohtel,24,3691,65.0,42409.0,65,42409,17029,11585,99153.0,140,99153,85,,986,,177,,,140.0,,,,,,,,,,
2024-10-17,mohtel,24,3695,29.0,42438.0,29,42438,17029,11585,99246.0,93,99246,85,,986,,177,,,93.0,,,,,,,,,,
2024-10-18,mohtel,24,3699,62.0,42500.0,62,42500,17029,11585,99546.0,300,99546,85,,986,,177,,,300.0,,,,,,,,,,
2024-10-19,mohtel,24,3702,19.0,42519.0,19,42519,17029,11585,99637.0,91,99637,85,,986,,177,,,91.0,,,,,,,,,,
2024-10-20,mohtel,24,3709,84.0,42603.0,84,42603,17029,11585,99795.0,158,99795,85,,986,,177,,,158.0,,,,,,,,,,
2024-10-21,mohtel,0,3709,0.0,42603.0,0,42603,17029,11585,99795.0,0,99795,85,,986,,177,,,0.0,,,,,,,,,,
2024-10-22,mohtel,48,3716,115.0,42718.0,115,42718,17029,11585,100282.0,487,100282,85,,986,,177,,,487.0,,,,,,,,,,
2024-10-23,mohtel,24,3722,74.0,42792.0,74,42792,17029,11585,100412.0,130,100412,85,,986,,177,,,130.0,,,,,,,,,,
2024-10-24,mohtel,24,3726,55.0,42847.0,55,42847,17029,11585,100544.0,132,100544,85,,986,,177,,,132.0,,,,,,,,,,
2024-10-25,mohtel,0,3726,0.0,42847.0,0,42847,17210,11742,100544.0,0,100544,85,1047.0,1047,177.0,177,17210.0,11742.0,0.0,,85.0,,,,,,,,
2024-10-26,mohtel,48,3733,77.0,42924.0,77,42924,17210,11742,100833.0,289,100833,85,,1047,,177,,,289.0,,,,,,,,,,
2024-10-27,mohtel,0,3733,0.0,42924.0,0,42924,17210,11742,100833.0,0,100833,85,,1047,182.0,182,,,0.0,,,,,,,,,,
2024-10-28,mohtel,48,3738,96.0,43020.0,96,43020,17210,11742,101110.0,277,101110,85,,1047,,182,,,277.0,,,,,,,,,,
2024-10-29,mohtel,24,3742,41.0,43061.0,41,43061,17210,11742,101223.0,113,101223,85,,1047,,182,,,113.0,,,,,,,,,,
2024-10-30,mohtel,24,3747,102.0,43163.0,102,43163,17289,11815,101510.0,287,101510,85,1047.0,1047,182.0,182,17289.0,11815.0,287.0,,85.0,,,,,,,,
2024-10-31,mohtel,24,3753,41.0,43204.0,41,43204,17289,11815,101641.0,131,101641,85,,1047,,182,,,131.0,,,,,,,,,,
2024-11-01,mohtel,24,3756,55.0,43259.0,55,43259,17289,11815,101827.0,186,101827,85,,1047,,182,,,186.0,,,,,,,,,,
2024-11-02,mohtel,24,3763,55.0,43314.0,55,43314,17289,11815,102019.0,192,102019,85,,1047,183.0,183,,,192.0,,,,,,,,,,
2024-11-03,mohtel,24,3767,27.0,43341.0,27,43341,17289,11815,102105.0,86,102105,85,,1047,,183,,,86.0,,,,,,,,,,
2024-11-04,mohtel,24,3770,33.0,43374.0,33,43374,17289,11815,102261.0,156,102261,85,,1047,,183,,,156.0,,,,,,,,,,
2024-11-05,mohtel,24,3773,17.0,43391.0,17,43391,17289,11815,102347.0,86,102347,85,,1047,,183,,,86.0,,,,,,,,,,
2024-11-06,mohtel,0,3773,0.0,43391.0,0,43391,17289,11815,102347.0,0,102347,85,,1047,,183,,,0.0,,,,,,,,,,
2024-11-07,mohtel,48,3779,78.0,43469.0,78,43469,17289,11815,102561.0,214,102561,85,,1047,,183,,,214.0,,,,,,,,,,
2024-11-08,mohtel,24,3782,39.0,43508.0,39,43508,17289,11815,102684.0,123,102684,85,,1047,,183,,,123.0,,,,,,,,,,
2024-11-09,mohtel,24,3786,44.0,43552.0,44,43552,17385,11891,102765.0,81,102765,85,1054.0,1054,188.0,188,17385.0,11891.0,81.0,,85.0,,,,,,,,
2024-11-10,mohtel,24,3789,51.0,43603.0,51,43603,17385,11891,102929.0,164,102929,85,,1054,,188,,,164.0,,,,,,,,,,
2024-11-11,mohtel,0,3789,0.0,43603.0,0,43603,17385,11891,102929.0,0,102929,85,,1054,,188,,,0.0,,,,,,,,,,
2024-11-12,mohtel,48,3794,62.0,43665.0,62,43665,17385,11891,103076.0,147,103076,85,,1054,,188,,,147.0,,,,,,,,,,
2024-11-13,mohtel,24,3801,47.0,43712.0,47,43712,17385,11891,103258.0,182,103258,85,,1054,,188,,,182.0,,,,,,,,,,
2024-11-14,mohtel,24,3804,24.0,43736.0,24,43736,17385,11891,103370.0,112,103370,85,,1054,,188,,,112.0,,,,,,,,,,
2024-11-15,mohtel,24,3807,28.0,43764.0,28,43764,17385,11891,103490.0,120,103490,85,,1054,,188,,,120.0,,,,,,,,,,
2024-11-16,mohtel,24,3810,35.0,43799.0,35,43799,17385,11891,103601.0,111,103601,85,,1054,,188,,,111.0,,,,,,,,,,
2024-11-17,mohtel,24,3816,47.0,43846.0,47,43846,17385,11891,103740.0,139,103740,85,,1054,,188,,,139.0,,,,,,,,,,
2024-11-18,mohtel,24,3820,76.0,43922.0,76,43922,17385,11891,103898.0,158,103898,85,,1054,,188,,,158.0,,,,,,,,,,
2024-11-19,mohtel,24,3823,50.0,43972.0,50,43972,17492,11979,104008.0,110,104008,86,1054.0,1054,188.0,188,17492.0,11979.0,110.0,,86.0,,,,,,,,
2024-11-20,mohtel,24,3825,13.0,43985.0,13,43985,17492,11979,104092.0,84,104092,86,,1054,,188,,,84.0,,,,,,,,,,
2024-11-21,mohtel,24,3830,71.0,44056.0,71,44056,17492,11979,104268.0,176,104268,86,,1054,,188,,,176.0,,,,,,,,,,
2024-11-22,mohtel,0,3830,0.0,44056.0,0,44056,17492,11979,104268.0,0,104268,86,,1054,,188,,,0.0,,,,,,,,,,
2024-11-23,mohtel,48,3837,120.0,44176.0,120,44176,17492,11979,104473.0,205,104473,86,,1054,189.0,189,,,205.0,,,,,,,,,,
2024-11-24,mohtel,24,3841,35.0,44211.0,35,44211,17492,11979,104567.0,94,104567,86,,1054,,189,,,94.0,,,,,,,,,,
2024-11-25,mohtel,24,3843,24.0,44235.0,24,44235,17492,11979,104638.0,71,104638,86,,1054,,189,,,71.0,,,,,,,,,,
2024-11-26,mohtel,24,3846,14.0,44249.0,14,44249,17492,11979,104746.0,108,104746,86,,1054,,189,,,108.0,,,,,,,,,,
2024-11-27,mohtel,24,3849,33.0,44282.0,33,44282,17492,11979,104880.0,134,104880,86,,1054,190.0,190,,,134.0,,,,,,,,,,
2024-11-28,mohtel,24,3852,48.0,44330.0,48,44330,17492,11979,104933.0,53,104933,86,,1054,,190,,,53.0,,,,,,,,,,
2024-11-29,mohtel,24,3855,33.0,44363.0,33,44363,17581,12048,105070.0,137,105070,87,1055.0,1055,190.0,190,17581.0,12048.0,137.0,,87.0,,,,,,,,
2024-11-30,mohtel,24,3859,19.0,44382.0,19,44382,17581,12048,105142.0,72,105142,87,,1055,,190,,,72.0,,,,,,,,,,
2024-12-01,mohtel,24,3865,47.0,44429.0,47,44429,17581,12048,105250.0,108,105250,87,,1055,192.0,192,,,108.0,,,,,,,,,,
2024-12-02,mohtel,24,3869,37.0,44466.0,37,44466,17581,12048,105358.0,108,105358,87,,1055,,192,,,108.0,,,,,,,,,,
2024-12-03,mohtel,24,3871,36.0,44502.0,36,44502,17581,12048,105454.0,96,105454,87,,1055,,192,,,96.0,,,,,,,,,,
2024-12-04,mohtel,24,3874,30.0,44532.0,30,44532,17581,12048,105538.0,84,105538,87,,1055,,192,,,84.0,,,,,,,,,,
2024-12-05,mohtel,24,3879,48.0,44580.0,48,44580,17581,12048,105739.0,201,105739,87,,1055,,192,,,201.0,,,,,,,,,,
2024-12-06,mohtel,24,3882,32.0,44612.0,32,44612,17581,12048,105834.0,95,105834,87,,1055,,192,,,95.0,,,,,,,,,,
2024-12-07,mohtel,24,3886,52.0,44664.0,52,44664,17581,12048,105976.0,142,105976,87,,1055,,192,,,142.0,,,,,,,,,,
2024-12-08,mohtel,24,3890,44.0,44708.0,44,44708,17581,12048,106050.0,74,106050,87,,1055,,192,,,74.0,,,,,,,,,,
2024-12-09,mohtel,24,3893,50.0,44758.0,50,44758,17712,12136,106134.0,84,106134,88,1059.0,1059,192.0,192,17712.0,12136.0,84.0,,88.0,,,,,,,,
2024-12-10,mohtel,24,3897,28.0,44786.0,28,44786,17712,12136,106188.0,54,106188,88,,1059,,192,,,54.0,,,,,,,,,,
2024-12-11,mohtel,24,3899,19.0,44805.0,19,44805,17712,12136,106257.0,69,106257,88,,1059,193.0,193,,,69.0,,,,,,,,,,
2024-12-12,mohtel,24,3902,30.0,44835.0,30,44835,17712,12136,106356.0,99,106356,88,,1059,,193,,,99.0,,,,,,,,,,
2024-12-13,mohtel,24,3905,40.0,44875.0,40,44875,17712,12136,106454.0,98,106454,88,,1059,,193,,,98.0,,,,,,,,,,
2024-12-14,mohtel,24,3907,55.0,44930.0,55,44930,17712,12136,106624.0,170,106624,88,,1059,,193,,,170.0,,,,,,,,,,
2024-12-15,mohtel,24,3912,46.0,44976.0,46,44976,17712,12136,106759.0,135,106759,88,,1059,196.0,196,,,135.0,,,,,,,,,,
2024-12-16,mohtel,24,3919,52.0,45028.0,52,45028,17712,12136,106962.0,203,106962,88,,1059,,196,,,203.0,,,,,,,,,,
2024-12-17,mohtel,24,3922,31.0,45059.0,31,45059,17712,12136,107041.0,79,107041,88,,1059,,196,,,79.0,,,,,,,,,,
2024-12-18,mohtel,24,3925,38.0,45097.0,38,45097,17712,12136,107244.0,203,107244,88,,1059,,196,,,203.0,,,,,,,,,,
2024-12-19,mohtel,24,3929,32.0,45129.0,32,45129,17803,12224,107338.0,94,107338,94,1060.0,1060,196.0,196,17803.0,12224.0,94.0,,94.0,,,,,,,,
2024-12-20,mohtel,24,3932,77.0,45206.0,77,45206,17803,12224,107512.0,174,107512,94,,1060,,196,,,174.0,,,,,,,,,,
2024-12-21,mohtel,24,3935,21.0,45227.0,21,45227,17803,12224,107573.0,61,107573,94,,1060,,196,,,61.0,,,,,,,,,,
2024-12-22,mohtel,24,3939,32.0,45259.0,32,45259,17803,12224,107627.0,54,107627,94,,1060,,196,,,54.0,,,,,,,,,,
2024-12-23,mohtel,24,3944,58.0,45317.0,58,45317,17803,12224,107713.0,86,107713,94,,1060,,196,,,86.0,,,,,,,,,,
2024-12-24,mohtel,24,3947,21.0,45338.0,21,45338,17803,12224,107764.0,51,107764,94,,1060,,196,,,51.0,,,,,,,,,,
2024-12-25,mohtel,24,3950,23.0,45361.0,23,45361,17803,12224,107803.0,39,107803,94,,1060,,196,,,39.0,,,,,,,,,,
2024-12-26,mohtel,24,3953,38.0,45399.0,38,45399,17803,12224,107940.0,137,107940,94,,1060,,196,,,137.0,,,,,,,,,,
2024-12-27,mohtel,24,3956,37.0,45436.0,37,45436,17803,12224,108038.0,98,108038,94,,1060,,196,,,98.0,,,,,,,,,,
2024-12-28,mohtel,24,3958,48.0,45484.0,48,45484,17803,12224,108090.0,52,108090,94,,1060,,196,,,52.0,,,,,,,,,,
2024-12-29,mohtel,24,3958,30.0,45514.0,30,45514,17818,12287,108189.0,99,108189,94,1068.0,1068,201.0,201,17818.0,12287.0,99.0,7176.0,94.0,,,,,,,,
2024-12-30,mohtel,24,3961,27.0,45541.0,27,45541,17818,12287,108338.0,149,108338,94,,1068,,201,,,149.0,,,,,,,,,,
2024-12-31,mohtel,0,3961,0.0,45541.0,0,45541,17818,12287,108338.0,0,108338,94,,1068,,201,,,0.0,,,,,,,,,,
2025-01-01,mohtel,48,3963,12.0,45553.0,12,45553,17818,12287,108379.0,41,108379,94,,1068,,201,,,41.0,,,,,,,,,,
2025-01-02,mohtel,24,3968,28.0,45581.0,28,45581,17818,12287,108438.0,59,108438,94,,1068,,201,,,59.0,,,,,,,,,,
2025-01-03,mohtel,24,3976,77.0,45658.0,77,45658,17818,12287,108583.0,145,108583,94,,1068,202.0,202,,,145.0,,,,,,,,,,
2025-01-04,mohtel,24,3980,59.0,45717.0,59,45717,17818,12287,108856.0,273,108856,94,,1068,,202,,,273.0,,,,,,,,,,
2025-01-05,mohtel,24,3985,88.0,45805.0,88,45805,17818,12287,109064.0,208,109064,94,,1068,,202,,,208.0,,,,,,,,,,
2025-01-06,mohtel,24,3988,49.0,45854.0,49,45854,17818,12287,109139.0,75,109139,94,,1068,,202,,,75.0,,,,,,,,,,
2025-01-07,mohtel,24,3991,31.0,45885.0,31,45885,17818,12287,109196.0,57,109196,94,,1068,,202,,,57.0,,,,,,,,,,
2025-01-08,mohtel,24,3997,51.0,45936.0,51,45936,17841,12298,109274.0,78,109274,94,1068.0,1068,202.0,202,17841.0,12298.0,78.0,,94.0,,,,,,,,
2025-01-09,mohtel,24,4000,70.0,46006.0,70,46006,17841,12298,109378.0,104,109378,94,,1068,,202,,,104.0,,,,,,,,,,
2025-01-10,mohtel,0,4000,0.0,46006.0,0,46006,17841,12298,109378.0,0,109378,94,,1068,203.0,203,,,0.0,,,,,,,,,,
2025-01-11,mohtel,48,4005,531.0,46537.0,531,46537,17841,12298,109571.0,193,109571,94,,1068,,203,,,193.0,,,32.0,499.0,,,,,,
2025-01-12,mohtel,24,4007,28.0,46565.0,28,46565,17841,12298,109660.0,89,109660,94,,1068,,203,,,89.0,,,,,,,,,,
2025-01-13,mohtel,24,4009,19.0,46584.0,19,46584,17841,12298,109731.0,71,109731,94,,1068,,203,,,71.0,,,,,,,,,,
2025-01-14,mohtel,24,4013,61.0,46645.0,61,46645,17841,12298,110012.0,281,110012,94,,1068,204.0,204,,,281.0,,,,,,,,,,
2025-01-15,mohtel,24,4019,62.0,46707.0,62,46707,17841,12298,110265.0,253,110265,94,,1068,,204,,,253.0,,,,,,,,,,
2025-01-16,mohtel,24,4027,81.0,46788.0,81,46788,17841,12298,110453.0,188,110453,94,,1068,,204,,,188.0,,,,,,,,,,
2025-01-17,mohtel,24,4031,88.0,46876.0,88,46876,17841,12298,110642.0,189,110642,94,,1068,,204,,,189.0,,,,,,,,,,
2025-01-18,mohtel,24,10100,23.0,46899.0,23,46899,17861,12316,110725.0,83,110725,94,1155.0,1155,205.0,205,17861.0,12316.0,83.0,10100.0,94.0,,,,,,,,
2025-01-19,mohtel,24,10100,14.0,46913.0,14,46913,17861,12316,110750.0,25,110750,94,,1155,,205,,,25.0,,,,,,,,,,
2025-01-20,mohtel,24,10100,122.0,47035.0,122,47035,17861,12316,111091.0,341,111091,94,,1155,,205,,,341.0,,,,,,,,,,
2025-01-21,mohtel,24,10100,72.0,47107.0,72,47107,17861,12316,111147.0,56,111147,94,,1155,,205,,,56.0,,,,,,,,,,
2025-01-22,mohtel,24,10100,54.0,47161.0,54,47161,17861,12316,111166.0,19,111166,94,,1155,,205,,,19.0,,,,,,,,,,
2025-01-23,mohtel,24,10100,122.0,47283.0,122,47283,17861,12316,111472.0,306,111472,94,,1155,,205,,,306.0,,,2.0,,120.0,,,,,
2025-01-24,mohtel,0,10100,0.0,47283.0,0,47283,17861,12316,111472.0,0,111472,94,,1155,,205,,,0.0,,,,,,,,,,
2025-01-25,mohtel,0,10100,0.0,47283.0,0,47283,17861,12316,111472.0,0,111472,94,,1155,,205,,,0.0,,,,,,,,,,
2025-01-26,mohtel,72,10100,23.0,47306.0,23,47306,17861,12316,111483.0,11,111483,94,,1155,,205,,,11.0,,,4.0,,14.0,5.0,,,,
2025-01-27,mohtel,24,10100,11.0,47317.0,11,47317,17861,12316,111494.0,11,111494,94,,1155,,205,,,11.0,,,,,9.0,2.0,,,,
2025-01-28,mohtel,24,10100,37.0,47354.0,37,47354,17861,12316,111563.0,69,111563,94,,1155,,205,,,69.0,,,,,37.0,,,,,
2025-01-29,mohtel,24,10100,63.0,47417.0,63,47417,17861,12316,111571.0,8,111571,94,,1155,,205,,,8.0,,,2.0,,59.0,2.0,,,,
2025-01-30,mohtel,24,10100,43.0,47460.0,43,47460,17861,12316,111580.0,9,111580,94,,1155,,205,,,9.0,,,,,42.0,1.0,,,,
2025-01-31,mohtel,24,10100,0.0,47460.0,0,47460,17861,12316,111580.0,0,111580,94,,1155,,205,,,0.0,,,,,,,,,,
2025-02-01,mohtel,24,10100,27.0,47487.0,27,47487,17861,12316,111588.0,8,111588,94,,1155,,205,,,8.0,,,1.0,,24.0,2.0,,,,
2025-02-02,mohtel,24,10100,11.0,47498.0,11,47498,17861,12316,111592.0,4,111592,94,,1155,,205,,,4.0,,,,,9.0,2.0,,,,
2025-02-03,mohtel,24,10100,20.0,47518.0,20,47518,17861,12316,111612.0,20,111612,94,,1155,,205,,,20.0,,,1.0,,18.0,1.0,,,,
2025-02-04,mohtel,24,10100,22.0,47540.0,22,47540,17861,12316,111618.0,6,111618,94,,1155,,205,,,6.0,,,,,20.0,2.0,,,,
2025-02-05,mohtel,24,10100,12.0,47552.0,12,47552,17861,12316,111629.0,11,111629,94,,1155,,205,,,11.0,,,,,8.0,4.0,,,,
2025-02-06,mohtel,24,10100,31.0,47583.0,31,47583,17861,12316,111633.0,4,111633,94,,1155,,205,,,4.0,,,2.0,,28.0,1.0,,,,
2025-02-07,mohtel,0,10100,0.0,47583.0,0,47583,17861,12316,111633.0,0,111633,94,,1155,,205,,,0.0,,,,,,,,,,
2025-02-08,mohtel,48,10100,598.0,48181.0,598,48181,17861,12316,111638.0,5,111638,94,,1155,,205,,,5.0,,,4.0,572.0,22.0,,,,,
2025-02-09,mohtel,24,10100,8.0,48189.0,8,48189,17861,12316,111640.0,2,111640,94,,1155,,205,,,2.0,,,1.0,,7.0,,,,,
2025-02-10,mohtel,24,10100,19.0,48208.0,19,48208,17861,12316,111655.0,15,111655,94,,1155,,205,,,15.0,,,3.0,,14.0,2.0,,,,
2025-02-11,mohtel,24,10100,11.0,48219.0,11,48219,17861,12316,111665.0,10,111665,94,,1155,,205,,,10.0,,,3.0,,8.0,,,,,
2025-02-12,mohtel,24,10100,3.0,48222.0,3,48222,17861,12316,111674.0,9,111674,94,,1155,,205,,,9.0,,,1.0,,2.0,,,,,
2025-02-13,mohtel,24,10100,17.0,48239.0,17,48239,17861,12316,111676.0,2,111676,94,,1155,,205,,,2.0,,,3.0,,14.0,,,,,
2025-02-14,mohtel,0,10100,0.0,48239.0,0,48239,17861,12316,111676.0,0,111676,94,,1155,,205,,,0.0,,,,,,,,,,
2025-02-15,mohtel,48,10100,25.0,48264.0,25,48264,17861,12316,111688.0,12,111688,94,,1155,,205,,,12.0,,,25.0,,,,,,,
2025-02-16,mohtel,24,10100,7.0,48271.0,7,48271,17861,12316,111693.0,5,111693,94,,1155,,205,,,5.0,,,1.0,,6.0,,,,,
2025-02-17,mohtel,24,10100,13.0,48284.0,13,48284,17861,12316,111709.0,16,111709,94,,1155,,205,,,16.0,,,4.0,,9.0,,,,,
2025-02-18,mohtel,24,10100,7.0,48291.0,7,48291,17861,12316,111722.0,13,111722,94,,1155,,205,,,13.0,,,1.0,,6.0,,,,,
2025-02-19,mohtel,24,10100,6.0,48297.0,6,48297,17861,12316,111733.0,11,111733,94,,1155,,205,,,11.0,,,3.0,,2.0,1.0,,,,
2025-02-20,mohtel,24,10100,22.0,48319.0,22,48319,17861,12316,111749.0,16,111749,94,,1155,,205,,,16.0,,,,,22.0,,,,,
2025-02-21,mohtel,0,10100,0.0,48319.0,0,48319,17861,12316,111749.0,0,111749,94,,1155,,205,,,0.0,,,,,,,,,,
2025-02-22,mohtel,48,10100,10.0,48329.0,10,48329,17861,12316,111753.0,4,111753,94,,1155,,205,,,4.0,,,2.0,,7.0,1.0,,,,
2025-02-23,mohtel,24,10100,10.0,48339.0,10,48339,17861,12316,111753.0,0,111753,94,,1155,,205,,,0.0,,,10.0,,,,,,,
2025-02-24,mohtel,24,10100,7.0,48346.0,7,48346,17861,12316,111759.0,6,111759,94,,1155,,205,,,6.0,,,2.0,,5.0,,,,,
2025-02-25,mohtel,24,10100,2.0,48348.0,2,48348,17861,12316,111761.0,2,111761,94,,1155,,205,,,2.0,,,1.0,,1.0,,,,,
2025-02-26,mohtel,0,10100,0.0,48348.0,0,48348,17861,12316,111761.0,0,111761,94,,1155,,205,,,0.0,,,,,,,,,,
2025-02-27,mohtel,48,10100,17.0,48365.0,17,48365,17861,12316,111780.0,19,111780,94,,1155,,205,,,19.0,,,17.0,,,,,,,
2025-02-28,mohtel,0,10100,0.0,48365.0,0,48365,17861,12316,111780.0,0,111780,94,,1155,,205,,,0.0,,,,,,,,,,
2025-03-01,mohtel,48,10100,23.0,48388.0,23,48388,17861,12316,111803.0,23,111803,94,,1155,,205,,,23.0,,,2.0,,21.0,,,,,
2025-03-02,mohtel,0,10100,0.0,48388.0,0,48388,17861,12316,111803.0,0,111803,94,,1155,,205,,,0.0,,,,,,,,,,
2025-03-03,mohtel,48,10100,9.0,48397.0,9,48397,17861,12316,111824.0,21,111824,94,,1155,,205,,,21.0,,,5.0,,4.0,,,,,
2025-03-04,mohtel,24,10100,8.0,48405.0,8,48405,17861,12316,111835.0,11,111835,94,,1155,,205,,,11.0,,,,,7.0,1.0,,,,
2025-03-05,mohtel,24,10100,35.0,48440.0,35,48440,17861,12316,111845.0,10,111845,94,,1155,,205,,,10.0,,,4.0,,30.0,1.0,,,,
2025-03-06,mohtel,24,10100,6.0,48446.0,6,48446,17861,12316,111852.0,7,111852,94,,1155,,205,,,7.0,,,6.0,,,,,,,
2025-03-07,mohtel,0,10100,0.0,48446.0,0,48446,17861,12316,111852.0,0,111852,94,,1155,,205,,,0.0,,,,,,,,,,
2025-03-08,mohtel,48,10100,7.0,48453.0,7,48453,17861,12316,111860.0,8,111860,94,,1155,,205,,,8.0,,,6.0,,1.0,,,,,
2025-03-09,mohtel,24,10100,5.0,48458.0,5,48458,17861,12316,111897.0,37,111897,94,,1155,,205,,,37.0,,,5.0,,,,,,,
2025-03-10,mohtel,24,10100,9.0,48467.0,9,48467,17861,12316,111913.0,16,111913,94,,1155,,205,,,16.0,,,4.0,,5.0,,,,,
2025-03-11,mohtel,24,10100,36.0,48503.0,36,48503,17861,12316,111927.0,14,111927,94,,1155,,205,,,14.0,,,4.0,,32.0,,,,,
2025-03-12,mohtel,24,10100,12.0,48515.0,12,48515,17861,12316,111941.0,14,111941,94,,1155,,205,,,14.0,,,7.0,,5.0,,,,,
2025-03-13,mohtel,24,10100,9.0,48524.0,9,48524,17861,12316,111955.0,14,111955,94,,1155,,205,,,14.0,,,2.0,,7.0,,,,,
2025-03-14,mohtel,0,10100,0.0,48524.0,0,48524,17861,12316,111955.0,0,111955,94,,1155,,205,,,0.0,,,,,,,,,,
2025-03-15,mohtel,48,10100,19.0,48543.0,19,48543,17861,12316,111981.0,26,111981,94,,1155,,205,,,26.0,,,7.0,,12.0,,,,,
2025-03-16,mohtel,24,10100,29.0,48572.0,29,48572,17861,12316,112032.0,51,112032,94,,1155,,205,,,51.0,,,14.0,,15.0,,,,,
2025-03-17,mohtel,24,10100,5.0,48577.0,5,48577,17861,12316,112041.0,9,112041,94,,1155,,205,,,9.0,,,1.0,,3.0,1.0,,,,
2025-03-18,mohtel,24,10100,436.0,49013.0,436,49013,17861,12316,112719.0,678,112719,94,,1155,,205,,,678.0,,,436.0,,,,,,,
2025-03-19,mohtel,24,10100,604.0,49617.0,604,49617,17861,12316,112950.0,231,112950,94,,1155,,205,,,231.0,,,70.0,534.0,,,,,,
2025-03-20,mohtel,24,10100,85.0,49702.0,85,49702,17861,12316,113083.0,133,113083,94,,1155,,205,,,133.0,,,85.0,,,,,,,
2025-03-21,mohtel,0,10100,0.0,49702.0,0,49702,17861,12316,113083.0,0,113083,94,,1155,,205,,,0.0,,,0.0,,,,,,,
2025-03-22,mohtel,48,10100,45.0,49747.0,45,49747,17861,12316,113213.0,130,113213,94,,1155,,205,,,130.0,,,43.0,,2.0,,,,,
2025-03-23,mohtel,24,12000,274.0,50021.0,274,50021,17954,12365,113274.0,61,113274,105,1394.0,1394,206.0,206,17954.0,12365.0,61.0,12000.0,105.0,39.0,233.0,2.0,,,,,
2025-03-24,mohtel,24,12000,61.0,50082.0,61,50082,17954,12365,113408.0,134,113408,105,,1394,,206,,,134.0,,,57.0,,4.0,,,,,
2025-03-25,mohtel,24,12000,62.0,50144.0,62,50144,17954,12365,113704.0,296,113704,105,,1394,,206,,,296.0,,,62.0,,,,,,,
2025-03-26,mohtel,24,12000,39.0,50183.0,39,50183,17954,12365,113828.0,124,113828,105,,1394,,206,,,124.0,,,38.0,,1.0,,,,,
2025-03-27,mohtel,24,12000,25.0,50208.0,25,50208,17954,12365,113910.0,82,113910,105,,1394,,206,,,82.0,,,25.0,,,,,,,
2025-03-28,mohtel,24,12000,43.0,50251.0,43,50251,17954,12365,114025.0,115,114025,105,,1394,,206,,,115.0,,,41.0,,2.0,,,,,
2025-03-29,mohtel,24,12000,26.0,50277.0,26,50277,17954,12365,114095.0,70,114095,105,,1394,,206,,,70.0,,,25.0,,1.0,,,,,
2025-03-30,mohtel,24,12000,53.0,50330.0,53,50330,17954,12365,114284.0,189,114284,105,,1394,,206,,,189.0,,,53.0,,,,,,,
2025-03-31,mohtel,24,12000,27.0,50357.0,27,50357,17954,12365,114400.0,116,114400,111,1402.0,1402,,206,,,116.0,,111.0,27.0,,,,,,,
2025-04-01,mohtel,24,12000,42.0,50399.0,42,50399,17954,12365,114583.0,183,114583,111,,1402,209.0,209,,,183.0,,,41.0,,1.0,,,,,
2025-04-02,mohtel,24,12000,24.0,50423.0,24,50423,17954,12365,114638.0,55,114638,111,,1402,,209,,,55.0,,,24.0,,,,,,,
2025-04-03,mohtel,24,12000,100.0,50523.0,100,50523,17954,12365,114776.0,138,114776,111,,1402,,209,,,138.0,,,97.0,,3.0,,,,,
2025-04-04,mohtel,24,12000,86.0,50609.0,86,50609,17954,12365,115063.0,287,115063,111,,1402,,209,,,287.0,,,86.0,,,,,,,
2025-04-05,mohtel,24,12000,60.0,50669.0,60,50669,17954,12365,115225.0,162,115225,111,,1402,,209,,,162.0,,,60.0,,,,,,,
2025-04-06,mohtel,24,12000,26.0,50695.0,26,50695,17954,12365,115338.0,113,115338,111,,1402,,209,,,113.0,,,26.0,,,,,,,
2025-04-07,mohtel,24,12000,57.0,50752.0,57,50752,17954,12365,115475.0,137,115475,111,,1402,210.0,210,,,137.0,,,57.0,,,,,,,
2025-04-08,mohtel,24,12000,58.0,50810.0,58,50810,17954,12365,115688.0,213,115688,111,,1402,,210,,,213.0,,,58.0,,,,,,,
2025-04-09,mohtel,24,12000,36.0,50846.0,36,50846,17954,12365,115729.0,41,115729,111,,1402,211.0,211,,,41.0,,,33.0,,3.0,,,,,
2025-04-10,mohtel,24,12000,40.0,50886.0,40,50886,17954,12365,115875.0,146,115875,111,,1402,,211,,,146.0,,,40.0,,,,,,,
2025-04-11,mohtel,24,12000,26.0,50912.0,26,50912,17954,12365,115981.0,106,115981,111,,1402,,211,,,106.0,,,20.0,,6.0,,,,,
2025-04-12,mohtel,24,12000,21.0,50933.0,21,50933,17954,12365,116045.0,64,116045,111,,1402,,211,,,64.0,,,21.0,,,,,,,
2025-04-13,mohtel,24,12000,11.0,50944.0,11,50944,17954,12365,116156.0,111,116156,111,,1402,,211,,,111.0,,,11.0,,,,,,,
2025-04-14,mohtel,24,12000,39.0,50983.0,39,50983,17954,12365,116274.0,118,116274,111,,1402,,211,,,118.0,,,38.0,,1.0,,,,,
2025-04-15,mohtel,24,12000,17.0,51000.0,17,51000,17954,12365,116343.0,69,116343,111,,1402,,211,,,69.0,,,17.0,,,,,,,
2025-04-16,mohtel,24,12000,25.0,51025.0,25,51025,17954,12365,116432.0,89,116432,111,,1402,,211,,,89.0,,,22.0,,3.0,,,,,
2025-04-17,mohtel,24,12000,40.0,51065.0,40,51065,17954,12365,116505.0,73,116505,111,,1402,,211,,,73.0,,,39.0,,1.0,,,,,
2025-04-18,mohtel,0,12000,0.0,51065.0,0,51065,18000,12400,116505.0,0,116505,113,1402.0,1402,211.0,211,18000.0,12400.0,0.0,12000.0,113.0,,,,,,,,
2025-04-19,mohtel,48,12000,92.0,51157.0,92,51157,18000,12400,116724.0,219,116724,113,,1402,,211,,,219.0,,,92.0,,,,,,,
2025-04-20,mohtel,24,12000,44.0,51201.0,44,51201,18000,12400,116869.0,145,116869,113,,1402,,211,,,145.0,,,44.0,,,,,,,
2025-04-21,mohtel,24,12000,39.0,51240.0,39,51240,18000,12400,116931.0,62,116931,113,,1402,,211,,,62.0,,,37.0,,2.0,,,,,
2025-04-22,mohtel,24,12000,26.0,51266.0,26,51266,18000,12400,116991.0,60,116991,113,,1402,,211,,,60.0,,,26.0,,,,,,,
2025-04-23,mohtel,24,12000,39.0,51305.0,39,51305,18000,12400,117096.0,105,117096,113,,1402,,211,,,105.0,,,38.0,,1.0,,,,,
2025-04-24,mohtel,24,12000,50.0,51355.0,50,51355,18000,12400,117248.0,152,117248,113,,1402,,211,,,152.0,,,48.0,,2.0,,,,,
2025-04-25,mohtel,24,12000,84.0,51439.0,84,51439,18000,12400,117416.0,168,117416,113,,1402,212.0,212,,,168.0,,,78.0,,6.0,,,,,
2025-04-26,mohtel,24,12000,56.0,51495.0,56,51495,18000,12400,117524.0,108,117524,113,,1402,,212,,,108.0,,,49.0,,7.0,,,,,
2025-04-27,mohtel,24,12000,748.0,52243.0,748,52243,18000,12400,117639.0,115,117639,113,,1402,,212,,,115.0,,,40.0,697.0,11.0,,,,,
2025-04-28,mohtel,24,12000,71.0,52314.0,71,52314,18000,12400,117792.0,153,117792,113,,1402,,212,,,153.0,,,57.0,,14.0,,,,,
2025-04-29,mohtel,24,12000,51.0,52365.0,51,52365,18000,12400,117905.0,113,117905,113,,1402,,212,,,113.0,,,50.0,,1.0,,,,,
2025-04-30,mohtel,24,12000,35.0,52400.0,35,52400,18000,12400,118014.0,109,118014,113,,1402,,212,,,109.0,,,35.0,,,,,,,
2025-05-01,mohtel,24,12000,18.0,52418.0,18,52418,18000,12400,118091.0,77,118091,113,,1402,,212,,,77.0,,,17.0,,1.0,,,,,
2025-05-02,mohtel,0,12000,0.0,52418.0,0,52418,18000,12400,118091.0,0,118091,113,,1402,,212,,,0.0,,,,,,,,,,
2025-05-03,mohtel,48,12000,77.0,52495.0,77,52495,18000,12400,118366.0,275,118366,113,,1402,,212,,,275.0,,,70.0,,7.0,,,,,
2025-05-04,mohtel,24,12000,40.0,52535.0,40,52535,18000,12400,118491.0,125,118491,113,,1402,,212,,,125.0,,,40.0,,,,,,,
2025-05-05,mohtel,24,12000,32.0,52567.0,32,52567,18000,12400,118610.0,119,118610,113,,1402,,212,,,119.0,,,23.0,,9.0,,,,,
2025-05-06,mohtel,24,12000,48.0,52615.0,48,52615,18000,12400,118752.0,142,118752,113,,1402,,212,,,142.0,,,48.0,,,,,,,
2025-05-07,mohtel,24,12000,38.0,52653.0,38,52653,18000,12400,118897.0,145,118897,113,,1402,214.0,214,,,145.0,,,34.0,,4.0,,,,,
2025-05-08,mohtel,24,12000,107.0,52760.0,107,52760,18000,12400,119264.0,367,119264,113,1411.0,1411,214.0,214,18000.0,12400.0,367.0,,113.0,106.0,,1.0,,,,,
2025-05-09,mohtel,24,12000,27.0,52787.0,27,52787,18000,12400,119349.0,85,119349,113,,1411,,214,,,85.0,,,26.0,,1.0,,,,,
2025-05-10,mohtel,24,12000,23.0,52810.0,23,52810,18000,12400,119473.0,124,119473,113,,1411,,214,,,124.0,,,23.0,,,,,,,
2025-05-11,mohtel,24,12000,19.0,52829.0,19,52829,18000,12400,119554.0,81,119554,113,,1411,,214,,,81.0,,,18.0,,1.0,,,,,
2025-05-12,mohtel,24,12000,33.0,52862.0,33,52862,18000,12400,119648.0,94,119648,113,,1411,,214,,,94.0,,,29.0,,4.0,,,,,
2025-05-13,mohtel,24,12000,46.0,52908.0,46,52908,18000,12400,119721.0,73,119721,113,,1411,215.0,215,,,73.0,,,31.0,,15.0,,,,,
2025-05-14,mohtel,24,12000,20.0,52928.0,20,52928,18000,12400,119846.0,125,119846,113,,1411,,215,,,125.0,,,19.0,,1.0,,,,,
2025-05-15,mohtel,24,12000,82.0,53010.0,82,53010,18000,12400,119998.0,152,119998,113,,1411,217.0,217,,,152.0,,,82.0,,,,,,,
2025-05-16,mohtel,24,12000,109.0,53119.0,109,53119,18000,12400,120214.0,216,120214,113,,1411,,217,,,216.0,,,108.0,,1.0,,,,,
2025-05-17,mohtel,24,12000,153.0,53272.0,153,53272,18000,12400,120673.0,459,120673,113,,1411,,217,,,459.0,,,146.0,,7.0,,,,,
2025-05-18,mohtel,24,12000,67.0,53339.0,67,53339,18000,12400,121034.0,361,121034,113,,1411,,217,,,361.0,,,62.0,,5.0,,,,,
2025-05-19,mohtel,24,12000,136.0,53475.0,136,53475,18000,12400,121398.0,364,121398,113,,1411,219.0,219,,,364.0,,,125.0,,11.0,,,,,
2025-05-20,mohtel,24,12000,98.0,53573.0,98,53573,18000,12400,121688.0,290,121688,113,,1411,,219,,,290.0,,,87.0,,11.0,,,,,
2025-05-21,mohtel,24,12000,82.0,53655.0,82,53655,18000,12400,121950.0,262,121950,113,,1411,,219,,,262.0,,,82.0,,,,,,,
2025-05-22,mohtel,24,12000,107.0,53762.0,107,53762,18000,12400,122197.0,247,122197,113,,1411,,219,,,247.0,,,104.0,,3.0,,,,,
2025-05-23,mohtel,24,12000,60.0,53822.0,60,53822,18000,12400,122382.0,185,122382,113,,1411,,219,,,185.0,,,60.0,,,,,,,
2025-05-24,mohtel,24,12000,79.0,53901.0,79,53901,18000,12400,122593.0,211,122593,113,,1411,,219,,,211.0,,,74.0,,5.0,,,,,
2025-05-25,mohtel,24,12000,38.0,53939.0,38,53939,18000,12400,122797.0,204,122797,113,,1411,220.0,220,,,204.0,,,38.0,,,,,,,
2025-05-26,mohtel,24,12000,38.0,53977.0,38,53977,18000,12400,122966.0,169,122966,113,,1411,,220,,,169.0,,,37.0,,1.0,,,,,
2025-05-27,mohtel,24,12000,79.0,54056.0,79,54056,18000,12400,123129.0,163,123129,113,,1411,,220,,,163.0,,,79.0,,,,,,,
2025-05-28,mohtel,24,12000,28.0,54084.0,28,54084,18000,12400,123308.0,179,123308,115,1580.0,1580,221.0,221,,,179.0,,115.0,23.0,,5.0,,,,,
2025-05-29,mohtel,24,12000,165.0,54249.0,165,54249,18000,12400,123492.0,184,123492,115,,1580,,221,,,184.0,,,62.0,98.0,5.0,,,,,
2025-05-30,mohtel,24,12000,72.0,54321.0,72,54321,18000,12400,123770.0,278,123770,115,,1580,,221,,,278.0,,,72.0,,,,,,,
2025-05-31,mohtel,24,12000,60.0,54381.0,60,54381,18000,12400,124054.0,284,124054,115,,1580,,221,,,284.0,,,59.0,,1.0,,,,,
2025-06-01,mohtel,24,12000,37.0,54418.0,37,54418,18000,12400,124190.0,136,124190,115,,1580,,221,,,136.0,,,32.0,,5.0,,,,,
2025-06-02,mohtel,24,12000,52.0,54470.0,52,54470,18000,12400,124693.0,503,124693,115,,1580,,221,,,503.0,,,51.0,,1.0,,75.0,400.0,,
2025-06-03,mohtel,24,12000,40.0,54510.0,40,54510,18000,12400,124901.0,208,124901,115,,1580,,221,,,208.0,,,39.0,,1.0,,,,,
2025-06-04,mohtel,24,12000,97.0,54607.0,97,54607,18000,12400,125341.0,440,125341,115,,1580,,221,,,440.0,,,95.0,,2.0,,,,,
2025-06-05,mohtel,24,12000,70.0,54677.0,70,54677,18000,12400,125530.0,189,125530,115,,1580,225.0,225,,,189.0,,,67.0,,3.0,,,,,
2025-06-06,mohtel,0,12000,0.0,54677.0,0,54677,18000,12400,125530.0,0,125530,115,,1580,226.0,226,,,0.0,,,,,,,,,,
2025-06-07,mohtel,48,12000,95.0,54772.0,95,54772,18000,12400,125834.0,304,125834,115,,1580,,226,,,304.0,,,95.0,,,,110.0,1000.0,,
2025-06-08,mohtel,24,12000,108.0,54880.0,108,54880,18000,12400,126227.0,393,126227,115,,1580,,226,,,393.0,,,106.0,,2.0,,115.0,1110.0,,
2025-06-09,mohtel,24,12000,47.0,54927.0,47,54927,18000,12400,126615.0,388,126615,115,,1580,,226,,,388.0,,,46.0,,1.0,,127.0,1287.0,,
2025-06-10,mohtel,24,12000,54.0,54981.0,54,54981,18000,12400,126920.0,305,126920,115,1583.0,1583,227.0,227,,,305.0,,,52.0,,2.0,,163.0,1495.0,,
2025-06-11,mohtel,24,12000,123.0,55104.0,123,55104,18000,12400,127394.0,474,127394,115,,1583,,227,,,474.0,,,120.0,,3.0,,224.0,1858.0,,
2025-06-12,mohtel,24,12000,103.0,55207.0,103,55207,18000,12400,127821.0,427,127821,115,,1583,,227,,,427.0,,,103.0,,,,245.0,2152.0,,
2025-06-13,mohtel,0,12000,0.0,55207.0,0,55207,18000,12400,127821.0,0,127821,115,,1583,,227,,,0.0,,,,,,,,,,
2025-06-14,mohtel,48,12000,90.0,55297.0,90,55297,18000,12400,128426.0,605,128426,115,,1583,,227,,,605.0,,,90.0,,,,274.0,2532.0,,
2025-06-15,mohtel,24,12000,65.0,55362.0,65,55362,18000,12400,128741.0,315,128741,115,,1583,,227,,,315.0,,,57.0,,8.0,,300.0,2649.0,,
2025-06-16,mohtel,24,12000,70.0,55432.0,70,55432,18000,12400,128923.0,182,128923,115,,1583,,227,,,182.0,,,68.0,,2.0,,338.0,2831.0,,
2025-06-17,mohtel,24,12000,61.0,55493.0,61,55493,18000,12400,129320.0,397,129320,115,,1583,,227,,,397.0,,,55.0,,6.0,,397.0,3031.0,,
2025-06-18,mohtel,24,12000,144.0,55637.0,144,55637,18000,12400,129880.0,560,129880,115,,1583,,227,,,560.0,,,140.0,,4.0,,,,,
2025-06-19,mohtel,24,12000,69.0,55706.0,69,55706,18000,12400,130101.0,221,130101,115,,1583,,227,,,221.0,,,67.0,,2.0,,,,,
2025-06-20,mohtel,0,12000,0.0,55706.0,0,55706,18000,12400,130101.0,0,130101,115,,1583,,227,,,0.0,,,,,,,,,,
2025-06-21,mohtel,48,12000,202.0,55908.0,202,55908,18000,12400,131138.0,1037,131138,115,,1583,,227,,,1037.0,,,198.0,,4.0,,450.0,3466.0,,
2025-06-22,mohtel,24,12000,51.0,55959.0,51,55959,18000,12400,131242.0,104,131242,115,,1583,,227,,,104.0,,,48.0,,3.0,,,,,
2025-06-23,mohtel,24,12000,39.0,55998.0,39,55998,18000,12400,131559.0,317,131559,115,,1583,,227,,,317.0,,,38.0,,1.0,,467.0,3602.0,,
2025-06-24,mohtel,24,12000,79.0,56077.0,79,56077,18000,12400,131848.0,289,131848,115,,1583,,227,,,289.0,,,74.0,,5.0,,516.0,3799.0,,
2025-06-25,mohtel,24,12000,79.0,56156.0,79,56156,18000,12400,132239.0,391,132239,115,,1583,,227,,,391.0,,,74.0,,5.0,,549.0,4066.0,,
2025-06-26,mohtel,24,12000,103.0,56259.0,103,56259,18000,12400,132458.0,219,132458,115,,1583,,227,,,219.0,,,103.0,,,,,,,
2025-06-27,mohtel,24,12000,72.0,56331.0,72,56331,18000,12400,132632.0,174,132632,115,,1583,,227,,,174.0,,,72.0,,,,,,,
2025-06-28,mohtel,24,12000,81.0,56412.0,81,56412,18000,12400,133054.0,422,133054,115,,1583,,227,,,422.0,,,81.0,,,,,,,
2025-06-29,mohtel,24,12000,88.0,56500.0,88,56500,18000,12400,133419.0,365,133419,115,,1583,,227,,,365.0,,,86.0,,2.0,,583.0,4186.0,,
2025-06-30,mohtel,24,12000,31.0,56531.0,31,56531,18000,12400,133642.0,223,133642,115,,1583,,227,,,223.0,,,28.0,,3.0,,,,,
2025-07-01,mohtel,24,12000,116.0,56647.0,116,56647,18000,12400,134105.0,463,134105,115,,1583,228.0,228,,,463.0,,,112.0,,4.0,,601.0,4278.0,,
2025-07-02,mohtel,24,12000,365.0,57012.0,365,57012,18000,12400,134592.0,487,134592,115,1584.0,1584,,228,,,487.0,,,139.0,223.0,3.0,,640.0,4488.0,,
2025-07-03,mohtel,24,12000,118.0,57130.0,118,57130,18000,12400,135173.0,581,135173,115,,1584,,228,,,581.0,,,118.0,,,,652.0,4537.0,,
2025-07-04,mohtel,24,12000,138.0,57268.0,138,57268,18000,12400,135625.0,452,135625,115,,1584,,228,,,452.0,,,138.0,,,,714.0,4837.0,,
2025-07-05,mohtel,24,12000,70.0,57338.0,70,57338,18000,12400,135957.0,332,135957,115,,1584,,228,,,332.0,,,70.0,,,,743.0,4891.0,,
2025-07-06,mohtel,24,12000,80.0,57418.0,80,57418,18000,12400,136261.0,304,136261,115,,1584,,228,,,304.0,,,80.0,,,,751.0,4931.0,,
2025-07-07,mohtel,24,12000,105.0,57523.0,105,57523,18000,12400,136617.0,356,136617,115,,1584,,228,,,356.0,,,104.0,,1.0,,758.0,5005.0,,
2025-07-08,mohtel,24,12000,52.0,57575.0,52,57575,18000,12400,136879.0,262,136879,115,,1584,,228,,,262.0,,,49.0,,3.0,,766.0,5044.0,,
2025-07-09,mohtel,24,12000,105.0,57680.0,105,57680,18000,12400,137409.0,530,137409,115,,1584,,228,,,530.0,,,105.0,,,,773.0,5101.0,,
2025-07-10,mohtel,24,12000,82.0,57762.0,82,57762,18000,12400,137656.0,247,137656,115,,1584,229.0,229,,,247.0,,,82.0,,,,782.0,5179.0,,
2025-07-11,mohtel,24,12000,61.0,57823.0,61,57823,18000,12400,137887.0,231,137887,115,,1584,,229,,,231.0,,,61.0,,,,788.0,5199.0,,
2025-07-12,mohtel,24,12000,59.0,57882.0,59,57882,18000,12400,138095.0,208,138095,115,,1584,,229,,,208.0,,,50.0,,9.0,,805.0,5252.0,,
2025-07-13,mohtel,24,12000,144.0,58026.0,144,58026,18000,12400,138520.0,425,138520,115,1585.0,1585,,229,,,425.0,,,139.0,,5.0,,833.0,5432.0,,
2025-07-14,mohtel,24,12000,360.0,58386.0,360,58386,18000,12400,139077.0,557,139077,115,,1585,,229,,,557.0,,,117.0,240.0,3.0,,838.0,5575.0,,
2025-07-15,mohtel,24,12000,93.0,58479.0,93,58479,18000,12400,139355.0,278,139355,115,,1585,,229,,,278.0,,,88.0,,5.0,,844.0,5604.0,,
2025-07-16,mohtel,24,12000,94.0,58573.0,94,58573,18000,12400,139607.0,252,139607,115,,1585,,229,,,252.0,,,94.0,,,,851.0,5634.0,,
2025-07-17,mohtel,24,12000,94.0,58667.0,94,58667,18000,12400,139974.0,367,139974,115,,1585,,229,,,367.0,,,93.0,,1.0,,877.0,5666.0,,
2025-07-18,mohtel,0,12000,0.0,58667.0,0,58667,19000,12500,139974.0,0,139974,122,1590.0,1590,,229,19000.0,12500.0,0.0,,122.0,0.0,,,,877.0,5666.0,,
2025-07-19,mohtel,48,12000,98.0,58765.0,98,58765,19000,12500,140485.0,511,140485,122,,1590,,229,,,511.0,,,95.0,,3.0,,891.0,5754.0,,
2025-07-20,mohtel,24,12000,130.0,58895.0,130,58895,19000,12500,140980.0,495,140980,122,,1590,,229,,,495.0,,,128.0,,2.0,,922.0,5861.0,76.0,86.0
2025-07-21,mohtel,24,12000,134.0,59029.0,134,59029,19000,12500,142135.0,1155,142135,122,,1590,,229,,,1155.0,,,130.0,,4.0,,1021.0,6511.0,76.0,104.0
2025-07-22,mohtel,24,12000,77.0,59106.0,77,59106,19000,12500,142511.0,376,142511,122,,1590,,229,,,376.0,,,72.0,,5.0,,1026.0,6563.0,80.0,101.0
2025-07-23,mohtel,24,12000,113.0,59219.0,113,59219,19000,12500,143045.0,534,143045,122,,1590,231.0,231,,,534.0,,,100.0,,13.0,,1060.0,7207.0,80.0,111.0
2025-07-24,mohtel,24,12000,368.0,59587.0,368,59587,19000,12500,143498.0,453,143498,122,,1590,,231,,,453.0,,,79.0,279.0,10.0,,1083.0,7275.0,80.0,113.0
2025-07-25,mohtel,24,12000,89.0,59676.0,89,59676,19000,12500,143965.0,467,143965,122,,1590,232.0,232,,,467.0,,,80.0,,9.0,,1092.0,7320.0,83.0,122.0
2025-07-26,mohtel,24,12000,57.0,59733.0,57,59733,19000,12500,144477.0,512,144477,122,,1590,,232,,,512.0,,,54.0,,3.0,,1121.0,7485.0,85.0,127.0
2025-07-27,mohtel,24,12000,88.0,59821.0,88,59821,19000,12500,144851.0,374,144851,122,,1590,,232,,,374.0,,,76.0,,12.0,,1132.0,7521.0,87.0,133.0
2025-07-28,mohtel,24,12000,100.0,59921.0,100,59921,19000,12500,145233.0,382,145233,122,,1590,,232,,,382.0,,,98.0,,2.0,,1157.0,7758.0,88.0,147.0
2025-07-29,mohtel,24,12000,113.0,60034.0,113,60034,19000,12500,145870.0,637,145870,122,,1590,,232,,,637.0,,,112.0,,1.0,,1179.0,7957.0,88.0,147.0
2025-07-30,mohtel,24,12000,104.0,60138.0,104,60138,19000,12500,146269.0,399,146269,122,,1590,,232,,,399.0,,,103.0,,1.0,,1239.0,8152.0,89.0,154.0
2025-07-31,mohtel,24,12000,111.0,60249.0,111,60249,19000,12500,147089.0,820,147089,122,,1590,,232,,,820.0,,,111.0,,,,1330.0,8818.0,90.0,159.0
2025-08-01,mohtel,24,12000,83.0,60332.0,83,60332,19000,12500,147643.0,554,147643,122,,1590,,232,,,554.0,,,82.0,,1.0,,1383.0,9218.0,92.0,162.0
2025-08-02,mohtel,24,12000,98.0,60430.0,98,60430,19000,12500,148722.0,1079,148722,122,,1590,,232,,,1079.0,,,83.0,,15.0,,1422.0,10067.0,93.0,169.0
2025-08-03,mohtel,24,12000,409.0,60839.0,409,60839,19000,12500,149588.0,866,149588,122,,1590,,232,,,866.0,,,104.0,290.0,15.0,,1487.0,10578.0,93.0,175.0
2025-08-04,mohtel,24,12000,94.0,60933.0,94,60933,19000,12500,150027.0,439,150027,122,,1590,,232,,,439.0,,,90.0,,4.0,,1516.0,10878.0,93.0,180.0
2025-08-05,mohtel,24,12000,87.0,61020.0,87,61020,19000,12500,150671.0,644,150671,122,,1590,,232,,,644.0,,,79.0,,8.0,,1568.0,11230.0,94.0,188.0
2025-08-06,mohtel,24,12000,138.0,61158.0,138,61158,19000,12500,151442.0,771,151442,122,,1590,,232,,,771.0,,,135.0,,3.0,,1655.0,11800.0,96.0,193.0
2025-08-07,mohtel,24,12000,100.0,61258.0,100,61258,19000,12500,152045.0,603,152045,122,,1590,,232,,,603.0,,,98.0,,2.0,,1706.0,12030.0,96.0,197.0
2025-08-08,mohtel,24,12000,72.0,61330.0,72,61330,19000,12500,152359.0,314,152359,122,,1590,,232,,,314.0,,,72.0,,,,1722.0,12249.0,98.0,201.0
2025-08-09,mohtel,24,12000,39.0,61369.0,39,61369,19000,12500,152850.0,491,152850,122,,1590,,232,,,491.0,,,38.0,,1.0,,1743.0,12590.0,98.0,212.0
2025-08-10,mohtel,24,12000,61.0,61430.0,61,61430,19000,12500,153213.0,363,153213,122,,1590,238.0,238,,,363.0,,,59.0,,2.0,,1778.0,12894.0,100.0,217.0
2025-08-11,mohtel,24,12000,69.0,61499.0,69,61499,19000,12500,153575.0,362,153575,122,,1590,,238,,,362.0,,,68.0,,1.0,,1807.0,13021.0,101.0,222.0
2025-08-12,mohtel,24,12000,100.0,61599.0,100,61599,19000,12500,154088.0,513,154088,122,,1590,,238,,,513.0,,,89.0,,11.0,,1838.0,13409.0,103.0,227.0
2025-08-13,mohtel,24,12000,123.0,61722.0,123,61722,19000,12500,154525.0,437,154525,122,,1590,,238,,,437.0,,,123.0,,,,1859.0,13594.0,106.0,235.0
2025-08-14,mohtel,24,12000,54.0,61776.0,54,61776,19000,12500,154906.0,381,154906,122,,1590,,238,,,381.0,,,50.0,,4.0,,1881.0,13863.0,106.0,239.0
2025-08-15,mohtel,24,12000,51.0,61827.0,51,61827,19000,12500,155275.0,369,155275,122,,1590,,238,,,369.0,,,49.0,,2.0,,1898.0,14113.0,107.0,240.0
2025-08-16,mohtel,24,12000,70.0,61897.0,70,61897,19000,12500,155660.0,385,155660,122,,1590,,238,,,385.0,,,62.0,,8.0,,1924.0,14288.0,108.0,251.0
2025-08-17,mohtel,24,12000,47.0,61944.0,47,61944,19000,12500,155886.0,226,155886,122,,1590,,238,,,226.0,,,38.0,,9.0,,1938.0,14420.0,110.0,258.0
2025-08-18,mohtel,24,12000,60.0,62004.0,60,62004,19000,12500,156230.0,344,156230,122,,1590,,238,,,344.0,,,60.0,,,,1965.0,14701.0,112.0,263.0
2025-08-19,mohtel,24,12000,60.0,62064.0,60,62064,19000,12500,156573.0,343,156573,122,,1590,239.0,239,,,343.0,,,58.0,,2.0,,1996.0,14898.0,112.0,266.0
2025-08-20,mohtel,24,12000,58.0,62122.0,58,62122,19000,12500,156758.0,185,156758,122,,1590,,239,,,185.0,,,56.0,,2.0,,2018.0,14947.0,112.0,269.0
2025-08-21,mohtel,24,12000,70.0,62192.0,70,62192,19000,12500,157114.0,356,157114,122,,1590,,239,,,356.0,,,70.0,,,,2036.0,15064.0,112.0,271.0
2025-08-22,mohtel,24,12000,71.0,62263.0,71,62263,19000,12500,157365.0,251,157365,122,,1590,,239,,,251.0,,,71.0,,,,2060.0,15197.0,112.0,273.0
2025-08-23,mohtel,24,12000,359.0,62622.0,359,62622,19000,12500,157673.0,308,157673,122,,1590,,239,,,308.0,,,61.0,298.0,,,2076.0,15308.0,114.0,281.0
2025-08-24,mohtel,24,12000,64.0,62686.0,64,62686,19000,12500,157951.0,278,157951,122,,1590,,239,,,278.0,,,64.0,,,,2095.0,15431.0,115.0,289.0
2025-08-25,mohtel,24,12000,58.0,62744.0,58,62744,19000,12500,158259.0,308,158259,122,,1590,244.0,244,,,308.0,,,58.0,,,,2123.0,15615.0,117.0,300.0
2025-08-26,mohtel,24,12000,75.0,62819.0,75,62819,19000,12500,158629.0,370,158629,138,,1590,246.0,246,,,370.0,,138.0,75.0,,,,2140.0,15737.0,117.0,303.0
2025-08-27,mohtel,24,12000,76.0,62895.0,76,62895,19000,12500,158927.0,298,158927,138,,1590,,246,,,298.0,,,76.0,,,,2158.0,15843.0,119.0,313.0
2025-08-28,mohtel,24,12000,71.0,62966.0,71,62966,19000,12500,159266.0,339,159266,138,,1590,,246,,,339.0,,,71.0,,,,2180.0,16046.0,121.0,317.0
2025-08-29,mohtel,24,12000,59.0,63025.0,59,63025,19000,12500,159490.0,224,159490,138,,1590,,246,,,224.0,,,59.0,,,,2203.0,16228.0,123.0,322.0
2025-08-30,mohtel,24,12000,346.0,63371.0,346,63371,19000,12500,159835.0,345,159835,138,,1590,,246,,,345.0,,,62.0,280.0,4.0,,2218.0,16434.0,124.0,332.0
2025-08-31,mohtel,24,12000,88.0,63459.0,88,63459,19000,12500,160256.0,421,160256,138,,1590,247.0,247,,,421.0,,,88.0,,,,2248.0,16600.0,124.0,339.0
2025-09-01,mohtel,24,12000,98.0,63557.0,98,63557,19000,12500,160660.0,404,160660,138,,1590,,247,,,404.0,,,98.0,,,,2294.0,16839.0,127.0,348.0
2025-09-02,mohtel,24,12000,76.0,63633.0,76,63633,19000,12500,160914.0,254,160914,138,,1590,248.0,248,,,254.0,,,76.0,,,,2306.0,16929.0,130.0,361.0
2025-09-03,mohtel,24,12000,113.0,63746.0,113,63746,19000,12500,161245.0,331,161245,138,,1590,,248,,,331.0,,,113.0,,,,2339.0,17070.0,131.0,367.0
2025-09-04,mohtel,24,12000,485.0,64231.0,485,64231,19000,12500,161583.0,338,161583,138,,1590,,248,,,338.0,,,84.0,401.0,,,2356.0,17244.0,131.0,370.0
2025-09-05,mohtel,24,12000,69.0,64300.0,69,64300,20000,12500,162005.0,422,162005,139,1670.0,1670,248.0,248,20000.0,12500.0,422.0,,139.0,69.0,,,,2362.0,17434.0,134.0,376.0
2025-09-06,mohtel,24,12000,68.0,64368.0,68,64368,20000,12500,162367.0,362,162367,139,,1670,,248,,,362.0,,,60.0,,8.0,,2385.0,17577.0,135.0,382.0
2025-09-07,mohtel,24,12000,87.0,64455.0,87,64455,20000,12500,162776.0,409,162776,139,,1670,,248,,,409.0,,,83.0,,4.0,,2416.0,17709.0,138.0,387.0
2025-09-08,mohtel,24,12000,67.0,64522.0,67,64522,20000,12500,163096.0,320,163096,139,,1670,,248,,,320.0,,,65.0,,2.0,,2430.0,17794.0,140.0,393.0
2025-09-09,mohtel,24,12000,83.0,64605.0,83,64605,20000,12500,163319.0,223,163319,139,,1670,,248,,,223.0,,,83.0,,,,2444.0,17831.0,140.0,399.0
2025-09-10,mohtel,24,12000,51.0,64656.0,51,64656,20000,12500,163503.0,184,163503,139,,1670,,248,,,184.0,,,49.0,,2.0,,2456.0,17861.0,141.0,404.0
2025-09-11,mohtel,24,12000,62.0,64718.0,62,64718,20000,12500,163859.0,356,163859,139,,1670,,248,,,356.0,,,62.0,,,,2465.0,17948.0,142.0,411.0
2025-09-12,mohtel,24,12000,38.0,64756.0,38,64756,20000,12500,164059.0,200,164059,139,,1670,,248,,,200.0,,,36.0,,2.0,,2479.0,18091.0,143.0,413.0
2025-09-13,mohtel,24,12000,47.0,64803.0,47,64803,20000,12500,164264.0,205,164264,139,,1670,,248,,,205.0,,,47.0,,,,2484.0,18117.0,145.0,420.0
2025-09-14,mohtel,24,12000,68.0,64871.0,68,64871,20000,12500,164610.0,346,164610,139,,1670,,248,,,346.0,,,68.0,,,,2494.0,18135.0,145.0,422.0
2025-09-15,mohtel,24,12000,34.0,64905.0,34,64905,20000,12500,164926.0,316,164926,139,,1670,251.0,251,,,316.0,,,33.0,,1.0,,2497.0,18182.0,145.0,425.0
2025-09-16,mohtel,24,12000,59.0,64964.0,59,64964,20000,12500,165312.0,386,165312,139,,1670,,251,,,386.0,,,59.0,,,,2497.0,18294.0,146.0,428.0
2025-09-17,mohtel,24,12000,98.0,65062.0,98,65062,20000,12500,165697.0,385,165697,139,,1670,,251,,,385.0,,,98.0,,,,2504.0,18381.0,146.0,432.0
2025-09-18,mohtel,24,12000,79.0,65141.0,79,65141,20000,12500,165925.0,228,165925,139,,1670,,251,,,228.0,,,79.0,,,,2513.0,18414.0,147.0,436.0
2025-09-19,mohtel,24,12000,33.0,65174.0,33,65174,20000,12500,166071.0,146,166071,139,,1670,,251,,,146.0,,,32.0,,1.0,,2514.0,18431.0,147.0,440.0
2025-09-20,mohtel,24,12000,34.0,65208.0,34,65208,20000,12500,166271.0,200,166271,139,,1670,,251,,,200.0,,,31.0,,3.0,,2518.0,18449.0,147.0,442.0
2025-09-21,mohtel,24,12000,75.0,65283.0,75,65283,20000,12500,166575.0,304,166575,139,,1670,,251,,,304.0,,,71.0,,4.0,,2523.0,18473.0,147.0,442.0
2025-09-22,mohtel,24,12000,61.0,65344.0,61,65344,20000,12500,166795.0,220,166795,139,,1670,,251,,,220.0,,,61.0,,,,2523.0,18496.0,147.0,442.0
2025-09-23,mohtel,24,12000,38.0,65382.0,38,65382,20000,12500,166985.0,190,166985,139,,1670,,251,,,190.0,,,38.0,,,,2526.0,18511.0,147.0,442.0
2025-09-24,mohtel,24,12000,37.0,65419.0,37,65419,20000,12500,167160.0,175,167160,139,,1670,,251,,,175.0,,,33.0,,4.0,,2531.0,18531.0,147.0,442.0
2025-09-25,mohtel,24,12000,83.0,65502.0,83,65502,20000,12500,167376.0,216,167376,139,,1670,,251,,,216.0,,,83.0,,,,2538.0,18581.0,147.0,442.0
2025-09-26,mohtel,24,12000,47.0,65549.0,47,65549,20000,12500,167518.0,142,167518,139,,1670,,251,,,142.0,,,47.0,,,,2543.0,18614.0,147.0,442.0
2025-09-27,mohtel,24,12000,377.0,65926.0,377,65926,20000,12500,167783.0,265,167783,139,,1670,252.0,252,,,265.0,,,74.0,300.0,3.0,,2560.0,18703.0,147.0,442.0
2025-09-28,mohtel,24,12000,79.0,66005.0,79,66005,20000,12500,168162.0,379,168162,139,,1670,,252,,,379.0,,,77.0,,2.0,,2566.0,18769.0,147.0,442.0
2025-09-29,mohtel,24,12000,50.0,66055.0,50,66055,20000,12500,168346.0,184,168346,139,,1670,,252,,,184.0,,,50.0,,,,2571.0,18817.0,147.0,442.0
2025-09-30,mohtel,24,12000,42.0,66097.0,42,66097,20000,12500,168536.0,190,168536,139,,1670,,252,,,190.0,,,42.0,,,,2576.0,18873.0,150.0,453.0
2025-10-01,mohtel,24,12000,51.0,66148.0,51,66148,20000,12500,168716.0,180,168716,139,,1670,254.0,254,,,180.0,,,51.0,,,,2580.0,18930.0,150.0,453.0
2025-10-02,mohtel,24,12000,77.0,66225.0,77,66225,20000,12500,168938.0,222,168938,139,,1670,,254,,,222.0,,,77.0,,,,2582.0,18974.0,150.0,453.0
2025-10-03,mohtel,24,12000,63.0,66288.0,63,66288,20000,12500,169165.0,227,169165,139,,1670,,254,,,227.0,,,63.0,,,,2597.0,19054.0,150.0,453.0
2025-10-04,mohtel,24,12000,786.0,67074.0,786,67074,20000,12500,169430.0,265,169430,139,,1670,,254,,,265.0,,,66.0,720.0,,,2603.0,19094.0,150.0,453.0
2025-10-05,mohtel,24,12000,65.0,67139.0,65,67139,20000,12500,169583.0,153,169583,140,1670.0,1670,254.0,254,20000.0,12500.0,153.0,,140.0,63.0,,2.0,,2605.0,19124.0,154.0,460.0
2025-10-06,mohtel,24,12000,21.0,67160.0,21,67160,20000,12500,169679.0,96,169679,140,,1670,,254,,,96.0,,,19.0,,2.0,,2610.0,19143.0,154.0,460.0
2025-10-07,mohtel,24,12000,13.0,67173.0,13,67173,20179,12500,169780.0,101,169780,140,1701.0,1701,,254,20179.0,12500.0,101.0,,,13.0,,,,2613.0,19153.0,157.0,461.0
2025-10-08,mohtel,24,12000,10.0,67183.0,10,67183,20179,12500,169841.0,61,169841,140,,1701,,254,,,61.0,,,8.0,,2.0,,2613.0,19164.0,157.0,461.0
2025-10-09,mohtel,24,12000,11.0,67194.0,11,67194,20179,12500,169890.0,49,169890,140,,1701,,254,,,49.0,,,10.0,,1.0,,2615.0,19177.0,157.0,461.0
2025-10-10,mohtel,24,12000,17.0,67211.0,17,67211,20179,12500,169961.0,71,169961,140,,1701,,254,,,71.0,,,17.0,,,,2615.0,19182.0,157.0,461.0
2025-10-11,mohtel,24,12000,471.0,67682.0,471,67682,20179,12500,170033.0,72,170033,140,,1701,,254,,,72.0,,,35.0,320.0,116.0,,2615.0,19182.0,157.0,463.0
2025-10-12,mohtel,24,12000,124.0,67806.0,124,67806,20179,12500,170066.0,33,170066,140,,1701,,254,,,33.0,,,7.0,,117.0,,2615.0,19182.0,157.0,463.0
2025-10-13,mohtel,24,12000,63.0,67869.0,63,67869,20179,12500,170105.0,39,170105,140,,1701,255.0,255,,,39.0,,,3.0,,60.0,,2615.0,19182.0,157.0,463.0
2025-10-14,mohtel,24,12000,44.0,67913.0,44,67913,20179,12500,170134.0,29,170134,140,,1701,,255,,,29.0,,,6.0,,38.0,,2615.0,19182.0,157.0,463.0
2025-10-15,mohtel,24,12000,25.0,67938.0,25,67938,20179,12500,170169.0,35,170169,140,,1701,,255,,,35.0,,,8.0,,16.0,1.0,2615.0,19182.0,157.0,463.0
2025-10-16,mohtel,24,12000,29.0,67967.0,29,67967,20179,12500,170179.0,10,170179,140,,1701,,255,,,10.0,,,4.0,,22.0,3.0,2615.0,19182.0,157.0,463.0
2025-10-17,mohtel,0,12000,0.0,67967.0,0,67967,20179,12500,170179.0,0,170179,140,,1701,,255,,,0.0,,,,,,,2615.0,19182.0,157.0,463.0
2025-10-18,mohtel,48,12000,149.0,68116.0,149,68116,20179,12500,170200.0,21,170200,140,,1701,,255,,,21.0,,,4.0,120.0,23.0,2.0,2615.0,19182.0,157.0,463.0
2025-10-19,mohtel,24,12000,43.0,68159.0,43,68159,20179,12500,170203.0,3,170203,140,,1701,,255,,,3.0,,,8.0,,35.0,,2615.0,19182.0,157.0,463.0
2025-10-20,mohtel,24,12000,57.0,68216.0,57,68216,20179,12500,170361.0,158,170361,140,,1701,,255,,,158.0,,,45.0,,12.0,,2615.0,19182.0,157.0,463.0
2025-10-21,mohtel,24,12000,13.0,68229.0,13,68229,20179,12500,170369.0,8,170369,140,,1701,,255,,,8.0,,,7.0,,6.0,,2615.0,19182.0,157.0,463.0
2025-10-22,mohtel,24,12000,5.0,68234.0,5,68234,20179,12500,170373.0,4,170373,140,,1701,,255,,,4.0,,,1.0,,4.0,,2615.0,19182.0,157.0,463.0
2025-10-23,mohtel,24,12000,46.0,68280.0,46,68280,20179,12500,170375.0,2,170375,140,,1701,,255,,,2.0,,,1.0,32.0,13.0,,2615.0,19182.0,157.0,463.0
2025-10-24,mohtel,0,12000,0.0,68280.0,0,68280,20179,12500,170375.0,0,170375,140,,1701,,255,,,0.0,,,,,,,2615.0,19182.0,157.0,463.0
2025-10-25,mohtel,48,12000,239.0,68519.0,239,68519,20179,12500,170382.0,7,170382,140,,1701,,255,,,7.0,,,4.0,220.0,15.0,,2615.0,19182.0,157.0,463.0
2025-10-26,mohtel,0,12000,0.0,68519.0,0,68519,20179,12500,170382.0,0,170382,140,,1701,,255,,,0.0,,,,,,,2615.0,19182.0,157.0,463.0
2025-10-27,mohtel,48,12000,8.0,68527.0,8,68527,20179,12500,170395.0,13,170395,140,,1701,,255,,,13.0,,,8.0,,,,2615.0,19182.0,157.0,463.0
2025-10-28,mohtel,24,12000,4.0,68531.0,4,68531,20179,12500,170402.0,7,170402,140,,1701,,255,,,7.0,,,1.0,,2.0,1.0,2615.0,19182.0,157.0,463.0
2025-10-29,mohtel,24,12000,104.0,68635.0,104,68635,20179,12500,170655.0,253,170655,140,,1701,256.0,256,,,253.0,,,96.0,,8.0,,2615.0,19182.0,157.0,463.0
2025-10-30,mohtel,0,12000,8.0,68643.0,8,68643,20179,12500,170655.0,0,170655,140,,1701,,256,,,0.0,,,,,8.0,,2615.0,19182.0,157.0,463.0
2025-10-31,mohtel,0,12000,0.0,68643.0,0,68643,20179,12500,170655.0,0,170655,140,,1701,,256,,,0.0,,,,,,,2615.0,19182.0,157.0,463.0
2025-11-01,mohtel,48,12000,215.0,68858.0,215,68858,20179,12500,170664.0,9,170664,140,,1701,,256,,,9.0,,,5.0,193.0,17.0,,2615.0,19182.0,157.0,463.0
2025-11-02,mohtel,24,12000,7.0,68865.0,7,68865,20179,12500,170670.0,6,170670,140,,1701,,256,,,6.0,,,3.0,,3.0,1.0,2615.0,19182.0,157.0,463.0
2025-11-03,mohtel,24,12000,10.0,68875.0,10,68875,20179,12500,170670.0,0,170670,140,,1701,,256,,,0.0,,,2.0,,8.0,,2615.0,19182.0,157.0,463.0
2025-11-04,mohtel,24,12000,4.0,68879.0,4,68879,20179,12500,170671.0,1,170671,140,,1701,,256,,,1.0,,,3.0,,1.0,,2615.0,19182.0,157.0,463.0
2025-11-05,mohtel,24,12000,3.0,68882.0,3,68882,20179,12500,170673.0,2,170673,140,,1701,,256,,,2.0,,,1.0,,2.0,,2615.0,19182.0,157.0,463.0
2025-11-06,mohtel,0,12000,0.0,68882.0,0,68882,20179,12500,170673.0,0,170673,140,,1701,,256,,,0.0,,,,,,,2615.0,19182.0,157.0,463.0
2025-11-07,mohtel,0,12000,0.0,68882.0,0,68882,20179,12500,170673.0,0,170673,140,,1701,,256,,,0.0,,,,,,,2615.0,19182.0,157.0,463.0
2025-11-08,mohtel,72,12000,287.0,69169.0,287,69169,20179,12500,170685.0,12,170685,140,,1701,,256,,,12.0,,,1.0,284.0,2.0,,2615.0,19182.0,157.0,463.0
2025-11-09,mohtel,24,12000,7.0,69176.0,7,69176,20179,12500,170690.0,5,170690,140,,1701,,256,,,5.0,,,1.0,,6.0,,2615.0,19182.0,157.0,463.0
2025-11-10,mohtel,24,12000,3.0,69179.0,3,69179,20179,12500,170693.0,3,170693,140,,1701,,256,,,3.0,,,1.0,,1.0,1.0,2615.0,19182.0,157.0,463.0
2025-11-11,mohtel,24,12000,3.0,69182.0,3,69182,20179,12500,170694.0,1,170694,140,,1701,,256,,,1.0,,,3.0,,,,2615.0,19182.0,157.0,463.0
2025-11-12,mohtel,24,12000,3.0,69185.0,3,69185,20179,12500,170698.0,4,170698,140,,1701,,256,,,4.0,,,3.0,,,,2615.0,19182.0,157.0,463.0
2025-11-13,mohtel,24,12000,2.0,69187.0,2,69187,20179,12500,170703.0,5,170703,140,,1701,,256,,,5.0,,,1.0,,1.0,,2615.0,19182.0,157.0,463.0
2025-11-14,mohtel,0,12000,0.0,69187.0,0,69187,20179,12500,170703.0,0,170703,140,,1701,,256,,,0.0,,,,,,,2615.0,19182.0,157.0,463.0
2025-11-15,mohtel,0,12000,0.0,69187.0,0,69187,20179,12500,170703.0,0,170703,140,,1701,,256,,,0.0,,,,,,,2615.0,19182.0,157.0,463.0
2025-11-16,mohtel,72,12000,296.0,69483.0,296,69483,20179,12500,170706.0,3,170706,140,,1701,,256,,,3.0,,,2.0,279.0,15.0,,2615.0,19182.0,157.0,463.0
2025-11-17,mohtel,24,12000,23.0,69506.0,23,69506,20179,12500,170712.0,6,170712,140,,1701,,256,,,6.0,,,,,23.0,,2615.0,19182.0,157.0,463.0
2025-11-18,mohtel,0,12000,0.0,69506.0,0,69506,20179,12500,170712.0,0,170712,140,,1701,,256,,,0.0,,,,,0.0,,2615.0,19182.0,157.0,463.0
2025-11-19,mohtel,48,12000,7.0,69513.0,7,69513,20179,12500,170745.0,33,170745,140,,1701,,256,,,33.0,,,5.0,,2.0,,2615.0,19182.0,157.0,463.0
2025-11-20,mohtel,24,12000,33.0,69546.0,33,69546,20179,12500,170833.0,88,170833,140,,1701,,256,,,88.0,,,32.0,,1.0,,2615.0,19182.0,157.0,463.0
2025-11-21,mohtel,0,12000,0.0,69546.0,0,69546,20179,12500,170833.0,0,170833,140,,1701,,256,,,0.0,,,,,,,2615.0,19182.0,157.0,463.0
2025-11-22,mohtel,48,12000,187.0,69733.0,187,69733,20179,12500,170863.0,30,170863,140,,1701,,256,,,30.0,,,7.0,180.0,,,2615.0,19182.0,157.0,463.0
2025-11-23,mohtel,24,12000,23.0,69756.0,23,69756,20179,12500,170946.0,83,170946,140,,1701,,256,,,83.0,,,21.0,,2.0,,2615.0,19182.0,157.0,463.0
2025-11-24,mohtel,24,12000,2.0,69758.0,2,69758,20179,12500,170949.0,3,170949,140,,1701,,256,,,3.0,,,,,2.0,,2615.0,19182.0,157.0,463.0
2025-11-25,mohtel,24,12000,17.0,69775.0,17,69775,20179,12500,170965.0,16,170965,140,,1701,,256,,,16.0,,,3.0,,14.0,,2615.0,19182.0,157.0,463.0
2025-11-26,mohtel,24,12000,10.0,69785.0,10,69785,20179,12500,170965.0,0,170965,140,,1701,,256,,,0.0,,,2.0,,8.0,,2615.0,19182.0,157.0,463.0
2025-11-27,mohtel,24,12000,14.0,69799.0,14,69799,20179,12500,170972.0,7,170972,140,,1701,,256,,,7.0,,,,,14.0,,2615.0,19182.0,157.0,463.0
2025-11-28,mohtel,0,12000,0.0,69799.0,0,69799,20179,12500,170972.0,0,170972,140,,1701,,256,,,0.0,,,,,,,2615.0,19182.0,157.0,463.0
2025-11-29,mohtel,48,12000,301.0,70100.0,301,70100,20179,12500,170983.0,11,170983,140,,1701,,256,,,11.0,,,1.0,299.0,1.0,,2615.0,19182.0,157.0,463.0
2025-11-30,mohtel,24,12000,3.0,70103.0,3,70103,20179,12500,170985.0,2,170985,140,,1701,,256,,,2.0,,,2.0,,1.0,,2615.0,19182.0,157.0,463.0
2025-12-01,mohtel,24,12000,9.0,70112.0,9,70112,20179,12500,170986.0,1,170986,140,,1701,,256,,,1.0,,,,,9.0,,2615.0,19182.0,157.0,463.0
2025-12-02,mohtel,0,12000,0.0,70112.0,0,70112,20179,12500,170986.0,0,170986,140,,1701,256.0,256,,,0.0,,,,,0.0,,2615.0,19182.0,157.0,463.0
2025-12-03,mohtel,48,12000,5.0,70117.0,5,70117,20179,12500,170999.0,13,170999,140,,1701,,257,,,13.0,,,4.0,,1.0,,2615.0,19182.0,157.0,463.0
2025-12-04,mohtel,24,12000,8.0,70125.0,8,70125,20179,12500,171015.0,16,171015,140,,1701,,257,,,16.0,,,6.0,,2.0,,2615.0,19182.0,157.0,463.0
2025-12-05,mohtel,0,12000,0.0,70125.0,0,70125,20179,12500,171015.0,0,171015,140,,1701,,257,,,0.0,,,,,,,2615.0,19182.0,157.0,463.0
2025-12-06,mohtel,48,12000,229.0,70354.0,229,70354,20179,12500,171030.0,15,171030,140,,1701,,257,,,15.0,,,1.0,223.0,5.0,,2615.0,19182.0,157.0,463.0
2025-12-07,mohtel,24,12000,6.0,70360.0,6,70360,20179,12500,171047.0,17,171047,140,,1701,,257,,,17.0,,,6.0,,,,2615.0,19182.0,157.0,463.0
2025-12-08,mohtel,24,12000,5.0,70365.0,5,70365,20179,12500,171058.0,11,171058,140,,1701,,257,,,11.0,,,3.0,,2.0,,2615.0,19182.0,157.0,463.0
2025-12-09,mohtel,24,12000,1.0,70366.0,1,70366,20179,12500,171064.0,6,171064,140,,1701,,257,,,6.0,,,1.0,,,,2615.0,19182.0,157.0,463.0
2025-12-10,mohtel,24,12000,3.0,70369.0,3,70369,20179,12500,171069.0,5,171069,140,,1701,,257,,,5.0,,,2.0,,1.0,,2615.0,19182.0,157.0,463.0
2025-12-11,mohtel,24,12000,4.0,70373.0,4,70373,20179,12500,171079.0,10,171079,140,,1701,,257,,,10.0,,,4.0,,,,2615.0,19182.0,157.0,463.0
2025-12-12,mohtel,0,12000,0.0,70373.0,0,70373,20179,12500,171079.0,0,171079,140,,1701,,257,,,0.0,,,,,,,2615.0,19182.0,157.0,463.0
2025-12-13,mohtel,48,12000,281.0,70654.0,281,70654,20179,12500,171095.0,16,171095,140,,1701,,257,,,16.0,,,2.0,278.0,1.0,,2615.0,19182.0,157.0,463.0
2025-12-14,mohtel,24,12000,9.0,70663.0,9,70663,20179,12500,171140.0,45,171140,140,,1701,,257,,,45.0,,,5.0,,4.0,,2615.0,19182.0,157.0,463.0
2025-12-15,mohtel,24,12000,2.0,70665.0,2,70665,20179,12500,171146.0,6,171146,140,,1701,,257,,,6.0,,,2.0,,,,2615.0,19182.0,157.0,463.0
2025-12-16,mohtel,24,12000,2.0,70667.0,2,70667,20179,12500,171152.0,6,171152,140,,1701,,257,,,6.0,,,2.0,,,,2615.0,19182.0,157.0,463.0
2025-12-17,mohtel,24,12000,1.0,70668.0,1,70668,20179,12500,171153.0,1,171153,140,,1701,,257,,,1.0,,,1.0,,,,2615.0,19182.0,157.0,463.0
2025-12-18,mohtel,24,12000,1.0,70669.0,1,70669,20179,12500,171154.0,1,171154,140,,1701,,257,,,1.0,,,1.0,,,,2615.0,19182.0,157.0,463.0
2025-12-19,mohtel,0,12000,0.0,70669.0,0,70669,20179,12500,171165.0,11,171165,140,,1701,,257,,,11.0,,,,,,,2615.0,19182.0,157.0,463.0
2025-12-20,mohtel,48,12000,256.0,70925.0,256,70925,20179,12500,171185.0,20,171185,140,,1701,,257,,,20.0,,,6.0,243.0,7.0,,2615.0,19182.0,157.0,463.0
2025-12-21,mohtel,0,12000,0.0,70925.0,0,70925,20179,12500,171185.0,0,171185,140,,1701,,257,,,0.0,,,,,,,2615.0,19182.0,157.0,463.0
2025-12-22,mohtel,48,12000,12.0,70937.0,12,70937,20179,12500,171192.0,7,171192,140,,1701,,257,,,7.0,,,4.0,,8.0,,2615.0,19182.0,157.0,463.0
2025-12-23,mohtel,24,12000,5.0,70942.0,5,70942,20179,12500,171195.0,3,171195,140,,1701,,257,,,3.0,,,1.0,,4.0,,2615.0,19182.0,157.0,463.0
2025-12-24,mohtel,24,12000,0.0,70942.0,0,70942,20179,12500,171195.0,0,171195,140,,1701,,257,,,0.0,,,,,,,2615.0,19182.0,157.0,463.0
2025-12-25,mohtel,0,12000,0.0,70942.0,0,70942,20179,12500,171195.0,0,171195,140,,1701,,257,,,0.0,,,,,,,2615.0,19182.0,157.0,463.0
2025-12-26,mohtel,48,12000,3.0,70945.0,3,70945,20179,12500,171211.0,16,171211,140,,1701,,257,,,16.0,,,1.0,,2.0,,2615.0,19182.0,157.0,463.0
2025-12-27,mohtel,24,12000,321.0,71266.0,321,71266,20179,12500,171219.0,8,171219,140,,1701,,257,,,8.0,,,4.0,292.0,25.0,,2615.0,19182.0,157.0,463.0
2025-12-28,mohtel,0,12000,0.0,71266.0,0,71266,20179,12500,171219.0,0,171219,140,,1701,,257,,,0.0,,,,,,,2615.0,19182.0,157.0,463.0
2025-12-29,mohtel,48,12000,1.0,71267.0,1,71267,20179,12500,171222.0,3,171222,140,,1701,,257,,,3.0,,,,,1.0,,2615.0,19182.0,157.0,463.0
2025-12-30,mohtel,0,12000,0.0,71267.0,0,71267,20179,12500,171222.0,0,171222,140,,1701,,257,,,0.0,,,,,,,2615.0,19182.0,157.0,463.0
2025-12-31,mohtel,48,12000,2.0,71269.0,2,71269,20179,12500,171232.0,10,171232,140,,1701,,257,,,10.0,,,1.0,,1.0,,2615.0,19182.0,157.0,463.0
2026-01-01,mohtel,24,12000,2.0,71271.0,2,71271,20179,12500,171233.0,1,171233,140,,1701,,257,,,1.0,,,1.0,,1.0,,2615.0,19182.0,157.0,463.0
2026-01-02,mohtel,0,12000,0.0,71271.0,0,71271,20179,12500,171233.0,0,171233,140,,1701,,257,,,0.0,,,,,,,2615.0,19182.0,157.0,463.0
2026-01-03,mohtel,48,12000,113.0,71384.0,113,71384,20179,12500,171251.0,18,171251,140,,1701,,257,,,18.0,,,2.0,110.0,1.0,,2615.0,19182.0,157.0,463.0
2026-01-04,mohtel,24,12000,2.0,71386.0,2,71386,20179,12500,171264.0,13,171264,140,,1701,,257,,,13.0,,,2.0,,,,2615.0,19182.0,157.0,463.0
2026-01-05,mohtel,24,12000,2.0,71388.0,2,71388,20179,12500,171269.0,5,171269,140,,1701,,257,,,5.0,,,2.0,,,,2615.0,19182.0,157.0,463.0
2026-01-06,mohtel,24,12000,3.0,71391.0,3,71391,20179,12500,171279.0,10,171279,140,,1701,,257,,,10.0,,,2.0,,1.0,,2615.0,19182.0,157.0,463.0
2026-01-07,mohtel,0,12000,0.0,71391.0,0,71391,20179,12500,171279.0,0,171279,140,,1701,,257,,,0.0,,,,,,,2615.0,19182.0,157.0,463.0
2026-01-08,mohtel,48,12000,4.0,71395.0,4,71395,20179,12500,171287.0,8,171287,140,,1701,,257,,,8.0,,,1.0,,3.0,,2615.0,19182.0,157.0,463.0
2026-01-09,mohtel,24,12000,14.0,71409.0,14,71409,20179,12500,171304.0,17,171304,140,,1701,,257,,,17.0,,,14.0,,,,2615.0,19182.0,157.0,463.0
2026-01-10,mohtel,0,12000,0.0,71409.0,0,71409,20179,12500,171304.0,0,171304,140,,1701,,257,,,0.0,,,,,,,2615.0,19182.0,157.0,463.0
2026-01-11,mohtel,48,12000,3.0,71412.0,3,71412,20179,12500,171314.0,10,171314,140,,1701,,257,,,10.0,,,3.0,,,,2615.0,19182.0,157.0,463.0
2026-01-12,mohtel,24,12000,7.0,71419.0,7,71419,20179,12500,171318.0,4,171318,140,,1701,,257,,,4.0,,,2.0,,5.0,,2615.0,19182.0,157.0,463.0
2026-01-13,mohtel,24,12000,5.0,71424.0,5,71424,20179,12500,171324.0,6,171324,140,,1701,,257,,,6.0,,,5.0,,,,2615.0,19182.0,157.0,463.0
2026-01-14,mohtel,24,12000,15.0,71439.0,15,71439,20179,12500,171324.0,0,171324,140,,1701,,257,,,0.0,,,2.0,,13.0,,2615.0,19182.0,157.0,463.0
2026-01-15,mohtel,24,12000,2.0,71441.0,2,71441,20179,12500,171329.0,5,171329,140,,1701,,257,,,5.0,,,2.0,,,,2615.0,19182.0,157.0,463.0
2026-01-16,mohtel,24,12000,14.0,71455.0,14,71455,20179,12500,171347.0,18,171347,140,,1701,,257,,,18.0,,,12.0,,2.0,,2615.0,19182.0,157.0,463.0
2026-01-17,mohtel,24,12000,93.0,71548.0,93,71548,20179,12500,171353.0,6,171353,140,,1701,,257,,,6.0,,,1.0,92.0,,,2615.0,19182.0,157.0,463.0
2026-01-18,mohtel,0,12000,0.0,71548.0,0,71548,20179,12500,171353.0,0,171353,140,,1701,,257,,,0.0,,,,,,,2615.0,19182.0,157.0,463.0
2026-01-19,mohtel,48,12000,2.0,71550.0,2,71550,20179,12500,171365.0,12,171365,140,,1701,,257,,,12.0,,,1.0,,1.0,,2615.0,19182.0,157.0,463.0
2026-01-20,mohtel,24,12000,1.0,71551.0,1,71551,20179,12500,171372.0,7,171372,140,,1701,,257,,,7.0,,,1.0,,,,2615.0,19182.0,157.0,463.0
2026-01-21,mohtel,0,12000,0.0,71551.0,0,71551,20179,12500,171372.0,0,171372,140,,1701,260.0,260,,,0.0,,,,,,,2615.0,19182.0,157.0,463.0
2026-01-22,mohtel,48,12000,11.0,71562.0,11,71562,20179,12500,171379.0,7,171379,140,,1701,,260,,,7.0,,,11.0,,,,2615.0,19182.0,157.0,463.0
2026-01-23,mohtel,0,12000,0.0,71562.0,0,71562,20179,12500,171379.0,0,171379,140,,1701,,260,,,0.0,,,,,,,2615.0,19182.0,157.0,463.0
2026-01-24,mohtel,48,12000,92.0,71654.0,92,71654,20179,12500,171391.0,12,171391,140,,1701,,260,,,12.0,,,4.0,88.0,,,2615.0,19182.0,157.0,463.0
2026-01-25,mohtel,24,12000,3.0,71657.0,3,71657,20179,12500,171399.0,8,171399,140,,1701,,260,,,8.0,,,3.0,,,,2615.0,19182.0,157.0,463.0
2026-01-26,mohtel,24,12000,3.0,71660.0,3,71660,20179,12500,171419.0,20,171419,140,,1701,,260,,,20.0,,,2.0,,1.0,,2615.0,19182.0,157.0,463.0
2026-01-27,mohtel,24,12000,2.0,71662.0,2,71662,20179,12500,171428.0,9,171428,140,,1701,,260,,,9.0,,,2.0,,,,2615.0,19182.0,157.0,463.0
2026-01-28,mohtel,24,12000,5.0,71667.0,5,71667,20179,12500,171434.0,6,171434,140,,1701,,260,,,6.0,,,4.0,,1.0,,2615.0,19182.0,157.0,463.0
2026-01-29,mohtel,24,12000,0.0,71667.0,0,71667,20179,12500,171434.0,0,171434,140,,1701,,260,,,0.0,,,,,,,2615.0,19182.0,157.0,463.0
2026-01-30,mohtel,0,12000,0.0,71667.0,0,71667,20179,12500,171434.0,0,171434,140,,1701,,260,,,0.0,,,,,,,2615.0,19182.0,157.0,463.0
2026-01-31,mohtel,48,12000,102.0,71769.0,102,71769,20179,12500,171483.0,49,171483,140,,1701,,260,,,49.0,,,17.0,85.0,,,2615.0,19182.0,157.0,463.0
2026-02-01,mohtel,24,12000,26.0,71795.0,26,71795,20179,12500,171551.0,68,171551,140,,1701,,260,,,68.0,,,26.0,,,,2615.0,19182.0,157.0,463.0
2026-02-02,mohtel,24,12000,5.0,71800.0,5,71800,20179,12500,171555.0,4,171555,140,,1701,,260,,,4.0,,,3.0,,2.0,,2615.0,19182.0,157.0,463.0
2026-02-03,mohtel,24,12000,3.0,71803.0,3,71803,20179,12500,171570.0,15,171570,140,,1701,,260,,,15.0,,,3.0,,,,2615.0,19182.0,157.0,463.0
2026-02-04,mohtel,24,12000,21.0,71824.0,21,71824,20179,12500,171608.0,38,171608,140,,1701,,260,,,38.0,,,21.0,,,,2615.0,19182.0,157.0,463.0
2026-02-05,mohtel,24,12000,27.0,71851.0,27,71851,20179,12500,171626.0,18,171626,140,,1701,,260,,,18.0,,,27.0,,,,2615.0,19182.0,157.0,463.0
2026-02-06,mohtel,24,12000,0.0,71851.0,0,71851,20179,12500,171626.0,0,171626,140,,1701,,260,,,0.0,,,,,,,2615.0,19182.0,157.0,463.0
2026-02-07,mohtel,24,12000,176.0,72027.0,176,72027,20179,12500,171651.0,25,171651,140,,1701,,260,,,25.0,,,2.0,174.0,,,2615.0,19182.0,157.0,463.0
2026-02-08,mohtel,24,12000,0.0,72027.0,0,72027,20179,12500,171651.0,0,171651,140,,1701,,260,,,0.0,,,,,,,2615.0,19182.0,157.0,463.0
2026-02-09,mohtel,24,12000,5.0,72032.0,5,72032,20179,12500,171661.0,10,171661,140,,1701,,260,,,10.0,,,5.0,,,,2615.0,19182.0,157.0,463.0
2026-02-10,mohtel,24,12000,5.0,72037.0,5,72037,20179,12500,171666.0,5,171666,140,,1701,,260,,,5.0,,,5.0,,,,2615.0,19182.0,157.0,463.0
2026-02-11,mohtel,24,12000,8.0,72045.0,8,72045,20179,12500,171686.0,20,171686,140,,1701,,260,,,20.0,,,5.0,,3.0,,2615.0,19182.0,157.0,463.0
2026-02-12,mohtel,24,12000,4.0,72049.0,4,72049,20179,12500,171691.0,5,171691,140,,1701,,260,,,5.0,,,,,4.0,,2615.0,19182.0,157.0,463.0
2026-02-13,mohtel,0,12000,0.0,72049.0,0,72049,20179,12500,171691.0,0,171691,140,,1701,,260,,,0.0,,,,,,,2615.0,19182.0,157.0,463.0
2026-02-14,mohtel,48,12000,2.0,72051.0,2,72051,20179,12500,171706.0,15,171706,140,,1701,,260,,,15.0,,,,,2.0,,2615.0,19182.0,157.0,463.0
2026-02-15,mohtel,24,12000,10.0,72061.0,10,72061,20179,12500,171715.0,9,171715,140,,1701,,260,,,9.0,,,10.0,,,,2615.0,19182.0,157.0,463.0
2026-02-16,mohtel,24,12000,2.0,72063.0,2,72063,20179,12500,171726.0,11,171726,140,,1701,,260,,,11.0,,,2.0,,,,2615.0,19182.0,157.0,463.0
2026-02-17,mohtel,0,12000,0.0,72063.0,0,72063,20179,12500,171726.0,0,171726,140,,1701,,260,,,0.0,,,,,,,2615.0,19182.0,157.0,463.0
2026-02-18,mohtel,48,12000,4.0,72067.0,4,72067,20179,12500,171734.0,8,171734,140,,1701,,260,,,8.0,,,4.0,,,,2615.0,19182.0,157.0,463.0
2026-02-19,mohtel,24,12000,2.0,72069.0,2,72069,20179,12500,171738.0,4,171738,140,,1701,,260,,,4.0,,,2.0,,,,2615.0,19182.0,157.0,463.0
2026-02-20,mohtel,0,12000,0.0,72069.0,0,72069,20179,12500,171738.0,0,171738,140,,1701,,260,,,0.0,,,,,,,2615.0,19182.0,157.0,463.0
2026-02-21,mohtel,48,12000,1.0,72070.0,1,72070,20179,12500,171748.0,10,171748,140,,1701,,260,,,10.0,,,1.0,,,,2615.0,19182.0,157.0,463.0
2026-02-22,mohtel,24,12000,2.0,72072.0,2,72072,20179,12500,171751.0,3,171751,140,,1701,,260,,,3.0,,,2.0,,,,2615.0,19182.0,157.0,463.0
2026-02-23,mohtel,24,12000,1.0,72073.0,1,72073,20179,12500,171759.0,8,171759,140,,1701,,260,,,8.0,,,1.0,,,,2615.0,19182.0,157.0,463.0
2026-02-24,mohtel,24,12000,0.0,72073.0,0,72073,20179,12500,171766.0,7,171766,140,,1701,,260,,,7.0,,,,,,,2615.0,19182.0,157.0,463.0
2026-02-25,mohtel,24,12000,9.0,72082.0,9,72082,20179,12500,171770.0,4,171770,140,,1701,,260,,,4.0,,,3.0,,6.0,,2615.0,19182.0,157.0,463.0
2026-02-26,mohtel,0,12000,0.0,72082.0,0,72082,20179,12500,171770.0,0,171770,140,,1701,,260,,,0.0,,,,,,,2615.0,19182.0,157.0,463.0
2026-02-27,mohtel,0,12000,0.0,72082.0,0,72082,20179,12500,171770.0,0,171770,140,,1701,,260,,,0.0,,,,,,,2615.0,19182.0,157.0,463.0
2026-02-28,mohtel,72,12000,13.0,72095.0,13,72095,20179,12500,171784.0,14,171784,140,,1701,,260,,,14.0,,,,,13.0,,2615.0,19182.0,157.0,463.0
2026-03-01,mohtel,24,12000,1.0,72096.0,1,72096,20179,12500,171791.0,7,171791,140,,1701,,260,,,7.0,,,1.0,,,,2615.0,19182.0,157.0,463.0
2026-03-02,mohtel,24,12000,1.0,72097.0,1,72097,20179,12500,171796.0,5,171796,140,,1701,,260,,,5.0,,,1.0,,,,2615.0,19182.0,157.0,463.0
2026-03-03,mohtel,24,12000,19.0,72116.0,19,72116,20179,12500,171798.0,2,171798,140,,1701,,260,,,2.0,,,1.0,,18.0,,2615.0,19182.0,157.0,463.0
2026-03-04,mohtel,24,12000,1.0,72117.0,1,72117,20179,12500,171801.0,3,171801,140,,1701,,260,,,3.0,,,1.0,,,,2615.0,19182.0,157.0,463.0
2026-03-05,mohtel,24,12000,3.0,72120.0,3,72120,20179,12500,171802.0,1,171802,140,,1701,,260,,,1.0,,,3.0,,,,2615.0,19182.0,157.0,463.0
2026-03-06,mohtel,0,12000,0.0,72120.0,0,72120,20179,12500,171802.0,0,171802,140,,1701,,260,,,0.0,,,,,,,2615.0,19182.0,157.0,463.0
2026-03-07,mohtel,48,12000,3.0,72123.0,3,72123,20179,12500,171805.0,3,171805,140,,1701,,260,,,3.0,,,3.0,,,,2615.0,19182.0,157.0,463.0
2026-03-08,mohtel,24,12000,3.0,72126.0,3,72126,20179,12500,171809.0,4,171809,140,,1701,,260,,,4.0,,,1.0,,2.0,,2615.0,19182.0,157.0,463.0
2026-03-09,mohtel,24,12000,7.0,72133.0,7,72133,20179,12500,171826.0,17,171826,140,,1701,261.0,261,,,17.0,,,7.0,,,,2615.0,19182.0,157.0,463.0
2026-03-10,mohtel,24,12000,1.0,72134.0,1,72134,20179,12500,171828.0,2,171828,140,,1701,,261,,,2.0,,,1.0,,,,2615.0,19182.0,157.0,463.0
2026-03-11,mohtel,24,12000,1.0,72135.0,1,72135,20179,12500,171830.0,2,171830,140,,1701,,261,,,2.0,,,1.0,,,,2615.0,19182.0,157.0,463.0
2026-03-12,mohtel,24,12000,1.0,72136.0,1,72136,20179,12500,171839.0,9,171839,140,,1701,,261,,,9.0,,,1.0,,,,2615.0,19182.0,157.0,463.0
2026-03-13,mohtel,0,12000,0.0,72136.0,0,72136,20179,12500,171839.0,0,171839,140,,1701,,261,,,0.0,,,,,,,2615.0,19182.0,157.0,463.0
2026-03-14,mohtel,48,12000,98.0,72234.0,98,72234,20179,12500,171852.0,13,171852,140,,1701,,261,,,13.0,,,7.0,91.0,,,2615.0,19182.0,157.0,463.0
2026-03-15,mohtel,24,12000,5.0,72239.0,5,72239,20179,12500,171861.0,9,171861,140,,1701,,261,,,9.0,,,4.0,,,1.0,2615.0,19182.0,157.0,463.0
2026-03-16,mohtel,24,12000,8.0,72247.0,8,72247,20179,12500,171878.0,17,171878,140,,1701,,261,,,17.0,,,8.0,,,,2615.0,19182.0,157.0,463.0
2026-03-17,mohtel,24,12000,2.0,72249.0,2,72249,20179,12500,171898.0,20,171898,140,,1701,,261,,,20.0,,,2.0,,,,2615.0,19182.0,157.0,463.0
2026-03-18,mohtel,24,12000,4.0,72253.0,4,72253,20179,12500,171912.0,14,171912,140,,1701,,261,,,14.0,,,3.0,,,1.0,2615.0,19182.0,157.0,463.0
2026-03-19,mohtel,0,12000,0.0,72253.0,0,72253,20179,12500,171912.0,0,171912,140,,1701,,261,,,0.0,,,,,,,2615.0,19182.0,157.0,463.0
2026-03-20,mohtel,0,12000,0.0,72253.0,0,72253,20179,12500,171912.0,0,171912,140,,1701,,261,,,0.0,,,,,,,2615.0,19182.0,157.0,463.0
2026-03-21,mohtel,0,12000,0.0,72253.0,0,72253,20179,12500,171912.0,0,171912,140,,1701,,261,,,0.0,,,,,,,2615.0,19182.0,157.0,463.0
2026-03-22,mohtel,96,12000,1.0,72254.0,1,72254,20179,12500,171914.0,2,171914,140,,1701,,261,,,2.0,,,,,1.0,,2615.0,19182.0,157.0,463.0
2026-03-23,mohtel,24,12000,9.0,72263.0,9,72263,20179,12500,171944.0,30,171944,140,,1701,,261,,,30.0,,,8.0,,,1.0,2615.0,19182.0,157.0,463.0
2026-03-24,mohtel,24,12000,0.0,72263.0,0,72263,20179,12500,171948.0,4,171948,140,,1701,,261,,,4.0,,,,,,,2615.0,19182.0,157.0,463.0
2026-03-25,mohtel,24,12000,2.0,72265.0,2,72265,20179,12500,171959.0,11,171959,140,,1701,,261,,,11.0,,,2.0,,,,2615.0,19182.0,157.0,463.0
2026-03-26,mohtel,24,12000,2.0,72267.0,2,72267,20179,12500,171976.0,17,171976,140,,1701,,261,,,17.0,,,1.0,,,1.0,2615.0,19182.0,157.0,463.0
2026-03-27,mohtel,0,12000,0.0,72267.0,0,72267,20179,12500,171976.0,0,171976,140,,1701,,261,,,0.0,,,,,,,2615.0,19182.0,157.0,463.0
2026-03-28,mohtel,48,12000,1.0,72268.0,1,72268,20179,12500,171995.0,19,171995,140,,1701,,261,,,19.0,,,1.0,,,,2615.0,19182.0,157.0,463.0
2026-03-29,mohtel,24,12000,10.0,72278.0,10,72278,20179,12500,172013.0,18,172013,140,,1701,,261,,,18.0,,,10.0,,,,2615.0,19182.0,157.0,463.0
2026-03-30,mohtel,24,12000,2.0,72280.0,2,72280,20179,12500,172014.0,1,172014,140,,1701,,261,,,1.0,,,,,,2.0,2615.0,19182.0,157.0,463.0
2026-03-31,mohtel,24,12000,5.0,72285.0,5,72285,20179,12500,172028.0,14,172028,140,,1701,,261,,,14.0,,,5.0,,,,2615.0,19182.0,157.0,463.0
2026-04-01,mohtel,24,12000,4.0,72289.0,4,72289,20179,12500,172040.0,12,172040,140,,1701,,261,,,12.0,,,4.0,,,,2615.0,19182.0,157.0,463.0
2026-04-02,mohtel,24,12000,0.0,72289.0,0,72289,20179,12500,172043.0,3,172043,140,,1701,,261,,,3.0,,,,,,,2615.0,19182.0,157.0,463.0
2026-04-03,mohtel,0,12000,0.0,72289.0,0,72289,20179,12500,172043.0,0,172043,140,,1701,,261,,,0.0,,,,,,,2615.0,19182.0,157.0,463.0
2026-04-04,mohtel,48,12000,0.0,72289.0,0,72289,20179,12500,172068.0,25,172068,140,,1701,,261,,,25.0,,,,,,,2615.0,19182.0,157.0,463.0
2026-04-05,mohtel,24,12000,4.0,72293.0,4,72293,20179,12500,172073.0,5,172073,140,,1701,,261,,,5.0,,,1.0,,3.0,,2615.0,19182.0,157.0,463.0
2026-04-06,mohtel,24,12000,9.0,72302.0,9,72302,20179,12500,172090.0,17,172090,140,,1701,,261,,,17.0,,,7.0,,2.0,,2615.0,19182.0,157.0,463.0
2026-04-07,mohtel,24,12000,10.0,72312.0,10,72312,20179,12500,172134.0,44,172134,140,,1701,,261,,,44.0,,,10.0,,,,2615.0,19182.0,157.0,463.0
2026-04-08,mohtel,24,12000,3.0,72315.0,3,72315,20179,12500,172137.0,3,172137,140,,1701,262.0,262,,,3.0,,,,,,3.0,2615.0,19182.0,157.0,463.0
2026-04-09,mohtel,24,12000,2.0,72317.0,2,72317,20179,12500,172158.0,21,172158,140,,1701,,262,,,21.0,,,2.0,,,,2615.0,19182.0,157.0,463.0
2026-04-10,mohtel,0,12000,0.0,72317.0,0,72317,20179,12500,172158.0,0,172158,140,,1701,,262,,,0.0,,,,,,,2615.0,19182.0,157.0,463.0
2026-04-11,mohtel,48,12000,11.0,72328.0,11,72328,20179,12500,172184.0,26,172184,140,,1701,,262,,,26.0,,,11.0,,,,2615.0,19182.0,157.0,463.0
2026-04-12,mohtel,24,12000,1.0,72329.0,1,72329,20179,12500,172192.0,8,172192,140,,1701,,262,,,8.0,,,1.0,,0.0,,2615.0,19182.0,157.0,463.0
2026-04-13,mohtel,24,12000,4.0,72333.0,4,72333,20179,12500,172202.0,10,172202,140,,1701,,262,,,10.0,,,4.0,,,,2615.0,19182.0,157.0,463.0
2026-04-14,mohtel,24,12000,3.0,72336.0,3,72336,20179,12500,172213.0,11,172213,140,,1701,,262,,,11.0,,,3.0,,,,2615.0,19182.0,157.0,463.0
2026-04-15,mohtel,24,12000,8.0,72344.0,8,72344,20179,12500,172242.0,29,172242,140,,1701,,262,,,29.0,,,8.0,,,,2615.0,19182.0,157.0,463.0
2026-04-16,mohtel,24,12000,1.0,72345.0,1,72345,20179,12500,172250.0,8,172250,140,,1701,,262,,,8.0,,,,,,1.0,2615.0,19182.0,157.0,463.0
2026-04-17,mohtel,0,12000,0.0,72345.0,0,72345,20179,12500,172250.0,0,172250,140,,1701,,262,,,0.0,,,,,,,2615.0,19182.0,157.0,463.0
2026-04-18,mohtel,48,12000,204.0,72549.0,204,72549,20179,12500,172274.0,24,172274,140,,1701,,262,,,24.0,,,7.0,196.0,1.0,,2615.0,19182.0,157.0,463.0
2026-04-19,mohtel,24,12000,2.0,72551.0,2,72551,20179,12500,172274.0,0,172274,140,,1701,,262,,,0.0,,,1.0,,,1.0,2615.0,19182.0,157.0,463.0
2026-04-20,mohtel,24,12000,2.0,72553.0,2,72553,20179,12500,172296.0,22,172296,140,,1701,,262,,,22.0,,,2.0,,,,2615.0,19182.0,157.0,463.0
2026-04-21,mohtel,24,12000,7.0,72560.0,7,72560,20179,12500,172317.0,21,172317,140,,1701,,262,,,21.0,,,7.0,,,,2615.0,19182.0,157.0,463.0
2026-04-22,mohtel,24,12000,2.0,72562.0,2,72562,20179,12500,172320.0,3,172320,140,,1701,,262,,,3.0,,,1.0,,,1.0,2615.0,19182.0,157.0,463.0
2026-04-23,mohtel,24,12000,6.0,72568.0,6,72568,20179,12500,172338.0,18,172338,140,,1701,,262,,,18.0,,,6.0,,,,2615.0,19182.0,157.0,463.0
2026-04-24,mohtel,0,12000,0.0,72568.0,0,72568,20179,12500,172338.0,0,172338,140,,1701,,262,,,0.0,,,,,,,2615.0,19182.0,157.0,463.0
2026-04-25,mohtel,48,12000,17.0,72585.0,17,72585,20179,12500,172370.0,32,172370,140,,1701,,262,,,32.0,,,17.0,,,,2615.0,19182.0,157.0,463.0
2026-04-26,mohtel,24,12000,2.0,72587.0,2,72587,20179,12500,172381.0,11,172381,140,,1701,,262,,,11.0,,,2.0,,,,2615.0,19182.0,157.0,463.0
2026-04-27,mohtel,24,12000,6.0,72593.0,6,72593,20179,12500,172399.0,18,172399,140,,1701,,262,,,18.0,,,5.0,,1.0,,2615.0,19182.0,157.0,463.0
2026-04-28,mohtel,24,12000,1.0,72594.0,1,72594,20179,12500,172404.0,5,172404,140,,1701,,262,,,5.0,,,1.0,,,,2615.0,19182.0,157.0,463.0
2026-04-29,mohtel,24,12000,5.0,72599.0,5,72599,20179,12500,172411.0,7,172411,140,,1701,,262,,,7.0,,,4.0,,1.0,,2615.0,19182.0,157.0,463.0
2026-04-30,mohtel,24,12000,2.0,72601.0,2,72601,20179,12500,172419.0,8,172419,140,,1701,,262,,,8.0,,,1.0,,1.0,,2615.0,19182.0,157.0,463.0
2026-05-01,mohtel,0,12000,0.0,72601.0,0,72601,20179,12500,172419.0,0,172419,140,,1701,,262,,,0.0,,,,,,,2615.0,19182.0,157.0,463.0
2026-05-02,mohtel,48,12000,7.0,72608.0,7,72608,20179,12500,172445.0,26,172445,140,,1701,,262,,,26.0,,,4.0,,3.0,,2615.0,19182.0,157.0,463.0
2026-05-03,mohtel,24,12000,2.0,72610.0,2,72610,20179,12500,172448.0,3,172448,140,,1701,,262,,,3.0,,,2.0,,,,2615.0,19182.0,157.0,463.0
2026-05-04,mohtel,24,12000,2.0,72612.0,2,72612,20179,12500,172457.0,9,172457,140,,1701,,262,,,9.0,,,2.0,,,,2615.0,19182.0,157.0,463.0
2026-05-05,mohtel,24,12000,3.0,72615.0,3,72615,20179,12500,172468.0,11,172468,140,,1701,,262,,,11.0,,,2.0,,1.0,,2615.0,19182.0,157.0,463.0
2026-05-06,mohtel,24,12000,4.0,72619.0,4,72619,20179,12500,172484.0,16,172484,140,,1701,,262,,,16.0,,,3.0,,1.0,,2615.0,19182.0,157.0,463.0
2026-05-07,mohtel,24,12000,9.0,72628.0,9,72628,20179,12500,172520.0,36,172520,140,,1701,,262,,,36.0,,,6.0,,,3.0,2615.0,19182.0,157.0,463.0
2026-05-08,mohtel,0,12000,0.0,72628.0,0,72628,20179,12500,172520.0,0,172520,140,,1701,,262,,,0.0,,,,,,,2615.0,19182.0,157.0,463.0
2026-05-09,mohtel,48,12000,108.0,72736.0,108,72736,20179,12500,172535.0,15,172535,140,,1701,,262,,,15.0,,,4.0,103.0,1.0,,2615.0,19182.0,157.0,463.0
2026-05-10,mohtel,24,12000,1.0,72737.0,1,72737,20179,12500,172539.0,4,172539,140,,1701,,262,,,4.0,,,1.0,,,,2615.0,19182.0,157.0,463.0
2026-05-11,mohtel,24,12000,3.0,72740.0,3,72740,20179,12500,172555.0,16,172555,140,,1701,,262,,,16.0,,,3.0,,,,2615.0,19182.0,157.0,463.0
2026-05-12,mohtel,24,12000,2.0,72742.0,2,72742,20179,12500,172565.0,10,172565,140,,1701,,262,,,10.0,,,2.0,,,,2615.0,19182.0,157.0,463.0
2026-05-13,mohtel,24,12000,2.0,72744.0,2,72744,20179,12500,172588.0,23,172588,140,,1701,,262,,,23.0,,,,,1.0,1.0,2615.0,19182.0,157.0,463.0
2026-05-14,mohtel,0,12000,0.0,72744.0,0,72744,20179,12500,172588.0,0,172588,140,,1701,,262,,,0.0,,,,,,,2615.0,19182.0,157.0,463.0
2026-05-15,mohtel,48,12000,13.0,72757.0,13,72757,20179,12500,172645.0,57,172645,140,,1701,,262,,,57.0,,,12.0,,,1.0,2615.0,19182.0,157.0,463.0
2026-05-16,mohtel,0,12000,0.0,72757.0,0,72757,20179,12500,172645.0,0,172645,140,,1701,,262,,,0.0,,,,,,,2615.0,19182.0,157.0,463.0
2026-05-17,mohtel,48,12000,6.0,72763.0,6,72763,20179,12500,172664.0,19,172664,140,,1701,,262,,,19.0,,,2.0,,4.0,,2615.0,19182.0,157.0,463.0
2026-05-18,mohtel,24,12000,6.0,72769.0,6,72769,20179,12500,172704.0,40,172704,140,,1701,,262,,,40.0,,,6.0,,,,2615.0,19182.0,157.0,463.0
2026-05-19,mohtel,24,12000,3.0,72772.0,3,72772,20179,12500,172707.0,3,172707,140,,1701,,262,,,3.0,,,2.0,,,1.0,2615.0,19182.0,157.0,463.0
2026-05-20,mohtel,24,12000,1.0,72773.0,1,72773,20179,12500,172723.0,16,172723,140,,1701,,262,,,16.0,,,1.0,,,,2615.0,19182.0,157.0,463.0
2026-05-21,mohtel,24,12000,2.0,72775.0,2,72775,20179,12500,172750.0,27,172750,140,,1701,,262,,,27.0,,,2.0,,,,2615.0,19182.0,157.0,463.0
2026-05-22,mohtel,0,12000,0.0,72775.0,0,72775,20179,12500,172750.0,0,172750,140,,1701,,262,,,0.0,,,,,,,2615.0,19182.0,157.0,463.0
2026-05-23,mohtel,48,12000,8.0,72783.0,8,72783,20179,12500,172779.0,29,172779,140,,1701,,262,,,29.0,,,7.0,,1.0,,2615.0,19182.0,157.0,463.0
2026-05-24,mohtel,24,12000,8.0,72791.0,8,72791,20179,12500,172813.0,34,172813,140,,1701,,262,,,34.0,,,,,8.0,,2615.0,19182.0,157.0,463.0
2026-05-25,mohtel,24,12000,6.0,72797.0,6,72797,20179,12500,172821.0,8,172821,140,,1701,,262,,,8.0,,,5.0,,,1.0,2615.0,19182.0,157.0,463.0
2026-05-26,mohtel,24,12000,6.0,72803.0,6,72803,20179,12500,172855.0,34,172855,140,,1701,,262,,,34.0,,,2.0,,4.0,,2615.0,19182.0,157.0,463.0
2026-05-27,mohtel,0,12000,0.0,72803.0,0,72803,20179,12500,172855.0,0,172855,140,,1701,,262,,,0.0,,,,,,,2615.0,19182.0,157.0,463.0
2026-05-28,mohtel,48,12000,16.0,72819.0,16,72819,20179,12500,172894.0,39,172894,140,,1701,,262,,,39.0,,,16.0,,,,2615.0,19182.0,157.0,463.0
2026-05-29,mohtel,0,12000,0.0,72819.0,0,72819,20179,12500,172894.0,0,172894,140,,1701,,262,,,0.0,,,,,,,2615.0,19182.0,157.0,463.0
2026-05-30,mohtel,48,12000,119.0,72938.0,119,72938,20179,12500,172919.0,25,172919,140,,1701,,262,,,25.0,,,6.0,112.0,,1.0,2615.0,19182.0,157.0,463.0
2026-05-31,mohtel,24,12000,1.0,72939.0,1,72939,20179,12500,172927.0,8,172927,140,,1701,,262,,,8.0,,,1.0,,,,2615.0,19182.0,157.0,463.0
2026-06-01,mohtel,24,12000,2.0,72941.0,2,72941,20179,12500,172967.0,40,172967,140,,1701,,262,,,40.0,,,2.0,,,,2615.0,19182.0,157.0,463.0
2026-06-02,mohtel,24,12000,1.0,72942.0,1,72942,20179,12500,172976.0,9,172976,140,,1701,,262,,,9.0,,,1.0,,,,2615.0,19182.0,157.0,463.0
2026-06-03,mohtel,24,12000,3.0,72945.0,3,72945,20179,12500,173011.0,35,173011,140,,1701,,262,,,35.0,,,3.0,,,,2615.0,19182.0,157.0,463.0
2026-06-04,mohtel,24,12000,11.0,72956.0,11,72956,20179,12500,173043.0,32,173043,140,,1701,,262,,,32.0,,,11.0,,,,2615.0,19182.0,157.0,463.0
2026-06-05,mohtel,0,12000,0.0,72956.0,0,72956,20179,12500,173043.0,0,173043,140,,1701,,262,,,0.0,,,,,,,2615.0,19182.0,157.0,463.0
2026-06-06,mohtel,48,12000,5.0,72961.0,5,72961,20179,12500,173092.0,49,173092,140,,1701,,262,,,49.0,,,2.0,,2.0,1.0,2615.0,19182.0,157.0,463.0
2026-06-07,mohtel,24,12000,10.0,72971.0,10,72971,20179,12500,173128.0,36,173128,140,,1701,,262,,,36.0,,,10.0,,,,2615.0,19182.0,157.0,463.0
2026-06-08,mohtel,24,12000,9.0,72980.0,9,72980,20179,12500,173171.0,43,173171,140,,1701,,262,,,43.0,,,9.0,,,,2615.0,19182.0,157.0,463.0
2026-06-09,mohtel,24,12000,8.0,72988.0,8,72988,20179,12500,173205.0,34,173205,140,,1701,,262,,,34.0,,,7.0,,,1.0,2615.0,19182.0,157.0,463.0
2026-06-10,mohtel,24,12000,3.0,72991.0,3,72991,20179,12500,173212.0,7,173212,140,,1701,,262,,,7.0,,,,,1.0,2.0,2615.0,19182.0,157.0,463.0
2026-06-11,mohtel,24,12000,0.0,72991.0,0,72991,20179,12500,173219.0,7,173219,140,,1701,,262,,,7.0,,,,,,,2615.0,19182.0,157.0,463.0
2026-06-12,mohtel,0,12000,0.0,72991.0,0,72991,20179,12500,173219.0,0,173219,140,,1701,,262,,,0.0,,,,,,,2615.0,19182.0,157.0,463.0
2026-06-13,mohtel,48,12000,2.0,72993.0,2,72993,20179,12500,173230.0,11,173230,140,,1701,,262,,,11.0,,,2.0,,,,2615.0,19182.0,157.0,463.0
2026-06-14,mohtel,24,12000,3.0,72996.0,3,72996,20179,12500,173246.0,16,173246,140,,1701,,262,,,16.0,,,3.0,,,,2615.0,19182.0,157.0,463.0
2026-06-15,mohtel,24,12000,7.0,73003.0,7,73003,20179,12500,173252.0,6,173252,140,,1701,,262,,,6.0,,,6.0,,1.0,,,,,
2026-06-16,mohtel,24,12000,5.0,73008.0,5,73008,20179,12500,173260.0,8,173260,140,,1701,,262,,,8.0,,,5.0,,,,,,,
2026-06-17,mohtel,24,12000,8.0,73016.0,8,73016,20179,12500,173265.0,5,173265,140,,1701,,262,,,5.0,,,2.0,,,6.0,,,,
2026-06-18,mohtel,24,12000,2.0,73018.0,2,73018,20179,12500,173273.0,8,173273,140,,1701,,262,,,8.0,,,2.0,,,,,,,
2026-06-19,missing,0,12000,,,0,73018,20179,12500,,0,173273,140,,1701,,262,,,,,,,,,,,,,
2026-06-20,missing,48,12000,5.0,73023.0,5,73023,20179,12500,173316.0,43,173316,140,,1701,,262,,,43.0,,,,,5.0,,,,,
2026-06-21,mohtel,24,12000,9.0,73032.0,9,73032,20179,12500,173357.0,41,173357,140,,1701,,262,,,41.0,,,9.0,,,,,,,
2026-06-22,mohtel,24,12000,3.0,73035.0,3,73035,20179,12500,173368.0,11,173368,140,,1701,,262,,,11.0,,,3.0,,,,,,,
2026-06-23,mohtel,24,12000,4.0,73039.0,4,73039,20179,12500,173388.0,20,173388,140,,1701,,262,,,20.0,,,2.0,,1.0,1.0,,,,
2026-06-24,mohtel,24,12000,2.0,73041.0,2,73041,20179,12500,173402.0,14,173402,140,,1701,,262,,,14.0,,,2.0,,,,,,,
2026-06-25,mohtel,24,12000,2.0,73043.0,2,73043,20179,12500,173417.0,15,173417,140,,1701,,262,,,15.0,,,2.0,,,,,,,
2026-06-26,missing,0,12000,,,0,73043,20179,12500,,0,173417,140,,1701,,262,,,,,,,,,,,,,
2026-06-27,mohtel,24,12000,8.0,73051.0,8,73051,20179,12500,173437.0,20,173437,140,,1701,,262,,,20.0,,,6.0,,1.0,1.0,,,,
2026-06-28,mohtel,24,12000,3.0,73054.0,3,73054,20179,12500,173480.0,43,173480,140,,1701,,262,,,43.0,,,3.0,,,,,,,
2026-06-29,mohtel,24,12000,4.0,73058.0,4,73058,20179,12500,173488.0,8,173488,140,,1701,,262,,,8.0,,,4.0,,,,,,,
2026-06-30,mohtel,24,12000,8.0,73066.0,8,73066,20179,12500,173514.0,26,173514,140,,1701,,262,,,26.0,,,8.0,,,,,,,
2026-07-01,missing,24,12000,4.0,73070.0,4,73070,20179,12500,173525.0,11,173525,140,,1701,,262,,,11.0,,,,,4.0,,,,,
2026-07-02,mohtel,24,12000,4.0,73074.0,4,73074,20179,12500,173537.0,12,173537,140,,1701,,262,,,12.0,,,2.0,,2.0,,,,,
2026-07-03,missing,0,12000,,,0,73074,20179,12500,,0,173537,140,,1701,,262,,,,,,,,,,,,,
2026-07-04,mohtel,48,12000,16.0,73090.0,16,73090,20179,12500,173553.0,16,173553,140,,1701,,262,,,16.0,,,6.0,,9.0,1.0,,,,
2026-07-05,missing,24,12000,3.0,73093.0,3,73093,20179,12500,173564.0,11,173564,140,,1701,,262,,,11.0,,,,,3.0,,,,,
2026-07-06,mohtel,24,12000,5.0,73098.0,5,73098,20179,12500,173571.0,7,173571,140,,1701,,262,,,7.0,,,3.0,,2.0,,,,,
2026-07-07,missing,24,12000,4.0,73102.0,4,73102,20179,12500,173582.0,11,173582,140,,1701,,262,,,11.0,,,,,4.0,,,,,
2026-07-08,mohtel,24,12000,8.0,73110.0,8,73110,20179,12500,173599.0,17,173599,140,,1701,,262,,,17.0,,,8.0,,,,,,,
2026-07-09,mohtel,24,12000,8.0,73118.0,8,73118,20179,12500,173615.0,16,173615,140,,1701,,262,,,16.0,,,,,,1.0,,,,
2026-07-10,missing,0,12000,,,0,73118,20179,12500,,0,173615,140,,1701,,262,,,,,,,,,,,,,
2026-07-11,mohtel,24,12000,103.0,73221.0,103,73221,20179,12500,173643.0,28,173643,140,,1701,,262,,,28.0,,,6.0,96.0,1.0,,,,,
2026-07-12,mohtel,24,12000,2.0,73223.0,2,73223,20179,12500,173654.0,11,173654,140,,1701,,262,,,11.0,,,2.0,,,,,,,
2026-07-13,mohtel,24,12000,8.0,73231.0,8,73231,20179,12500,173686.0,32,173686,140,,1701,,262,,,32.0,,,7.0,,,1.0,,,,
2026-07-14,mohtel,24,12000,2.0,73233.0,2,73233,20179,12500,173707.0,21,173707,140,,1701,,262,,,21.0,,,2.0,,,,,,,
2026-07-15,mohtel,24,12000,13.0,73246.0,13,73246,20179,12500,173727.0,20,173727,140,,1701,,262,,,20.0,,,12.0,,,1.0,,,,
2026-07-16,mohtel,24,12000,4.0,73250.0,4,73250,20179,12500,173751.0,24,173751,140,,1701,,262,,,24.0,,,3.0,,,1.0,,,,
2026-07-17,missing,0,12000,,,0,73250,20179,12500,,0,173751,140,,1701,,262,,,,,,,,,,,,,
2026-07-18,mohtel,48,12000,19.0,73269.0,19,73269,20179,12500,173811.0,60,173811,140,,1701,,262,,,60.0,,,16.0,,2.0,1.0,,,,
2026-07-19,missing,24,12000,11.0,73280.0,11,73280,20179,12500,173842.0,31,173842,140,,1701,,262,,,31.0,,,,,,,,,,
2026-07-20,mohtel,24,12000,3.0,73283.0,3,73283,20179,12500,173864.0,22,173864,140,,1701,,262,,,22.0,,,3.0,,,,,,,
2026-07-21,mohtel,24,12000,10.0,73293.0,10,73293,20179,12500,173906.0,42,173906,140,,1701,,262,,,42.0,,,9.0,,,1.0,,,,
2026-07-22,mohtel,24,12000,12.0,73305.0,12,73305,20179,12500,173918.0,12,173918,140,,1701,,262,,,12.0,,,11.0,,,1.0,,,,
2026-07-23,mohtel,24,12000,6.0,73311.0,6,73311,20179,12500,173924.0,6,173924,140,,1701,,262,,,6.0,,,3.0,,1.0,2.0,,,,
2026-07-24,missing,0,12000,,,0,73311,20179,12500,,0,173924,140,,1701,,262,,,,,,,,,,,,,
2026-07-25,mohtel,48,12000,6.0,73317.0,6,73317,20179,12500,173961.0,37,173961,140,,1701,,262,,,37.0,,,4.0,,,2.0,,,,
2026-07-26,mohtel,24,12000,9.0,73326.0,9,73326,20179,12500,173997.0,36,173997,140,,1701,,262,,,36.0,,,7.0,,,2.0,,,,
2026-07-27,mohtel,24,12000,3.0,73329.0,3,73329,20179,12500,174009.0,12,174009,140,,1701,,262,,,12.0,,,2.0,,,1.0,,,,
2026-07-28,mohtel,24,12000,4.0,73333.0,4,73333,20179,12500,174023.0,14,174023,140,,1701,,262,,,14.0,,,3.0,,,1.0,,,,
2026-07-29,mohtel,24,12000,2.0,73335.0,2,73335,20179,12500,174052.0,29,174052,140,,1701,,262,,,29.0,,,1.0,,,1.0,,,,
2026-07-30,mohtel,24,12000,6.0,73341.0,6,73341,20179,12500,174086.0,34,174086,140,,1701,,262,,,34.0,,,4.0,,1.0,1.0,,,,
2026-07-31,missing,0,12000,,,0,73341,20179,12500,,0,174086,140,,1701,,262,,,,,,,,,,,,,
2026-08-01,mohtel,48,12000,8.0,73349.0,8,73349,20179,12500,174162.0,76,174162,140,,1701,,262,,,76.0,,,7.0,,,1.0,,,,
2026-08-02,mohtel,24,12000,7.0,73356.0,7,73356,20179,12500,174185.0,23,174185,140,,1701,,262,,,23.0,,,6.0,,,1.0,,,,
2026-08-03,mohtel,24,12000,19.0,73375.0,19,73375,20179,12500,174220.0,35,174220,140,,1701,,262,,,35.0,,,18.0,,,1.0,,,,
2026-08-04,mohtel,24,12000,2.0,73377.0,2,73377,20179,12500,174230.0,10,174230,140,,1701,,262,,,10.0,,,2.0,,,,,,,
2026-08-05,mohtel,24,12000,4.0,73381.0,4,73381,20179,12500,174231.0,1,174231,140,,1701,,262,,,1.0,,,,,2.0,2.0,,,,
2026-08-06,mohtel,24,12000,1.0,73382.0,1,73382,20179,12500,174236.0,5,174236,140,,1701,,262,,,5.0,,,,,,1.0,,,,
2026-08-07,missing,0,12000,,,0,73382,20179,12500,,0,174236,140,,1701,,262,,,,,,,,,,,,,
2026-08-08,mohtel,48,12000,2.0,73384.0,2,73384,20179,12500,174242.0,6,174242,140,,1701,,262,,,6.0,,,,,,2.0,,,,
2026-08-09,mohtel,24,12000,2.0,73386.0,2,73386,20179,12500,174250.0,8,174250,140,,1701,,262,,,8.0,,,1.0,,1.0,,,,,
2026-08-10,mohtel,24,12000,0.0,73386.0,0,73386,20179,12500,174256.0,6,174256,140,,1701,,262,,,6.0,,,,,,,,,,
2026-08-11,mohtel,24,12000,1.0,73387.0,1,73387,20179,12500,174257.0,1,174257,140,,1701,,262,,,1.0,,,,,,1.0,,,,
2026-08-12,mohtel,24,12000,1.0,73388.0,1,73388,20179,12500,174259.0,2,174259,140,,1701,,262,,,2.0,,,,,1.0,,,,,
2026-08-13,mohtel,24,12000,1.0,73389.0,1,73389,20179,12500,174266.0,7,174266,140,,1701,,262,,,7.0,,,1.0,,,,,,,
2026-08-14,missing,0,12000,,,0,73389,20179,12500,,0,174266,140,,1701,,262,,,,,,,,,,,,,
2026-08-15,mohtel,48,12000,2.0,73391.0,2,73391,20179,12500,174280.0,14,174280,140,,1701,,262,,,14.0,,,2.0,,,,,,,
2026-08-16,missing,0,12000,,,0,73391,20179,12500,,0,174280,140,,1701,,262,,,,,,,,,,,,,
2026-08-17,mohtel,48,12000,8.0,73399.0,8,73399,20179,12500,174310.0,30,174310,140,,1701,,262,,,30.0,,,2.0,,6.0,,,,,
2026-08-18,mohtel,24,12000,1.0,73400.0,1,73400,20179,12500,174312.0,2,174312,140,,1701,,262,,,2.0,,,,,,1.0,,,,
2026-08-19,mohtel,24,12000,7.0,73407.0,7,73407,20179,12500,174335.0,23,174335,140,,1701,,262,,,23.0,,,7.0,,,,,,,
2026-08-20,mohtel,24,12000,10.0,73417.0,10,73417,20179,12500,174360.0,25,174360,140,,1701,,262,,,25.0,,,10.0,,,,,,,
2026-08-21,missing,0,12000,,,0,73417,20179,12500,,0,174360,140,,1701,,262,,,,,,,,,,,,,
2026-08-22,mohtel,48,12000,2.0,73419.0,2,73419,20179,12500,174364.0,4,174364,140,,1701,,262,,,4.0,,,2.0,,,,,,,
2026-08-23,mohtel,24,12000,1.0,73420.0,1,73420,20179,12500,174369.0,5,174369,140,,1701,,262,,,5.0,,,1.0,,,,,,,
2026-08-24,mohtel,24,12000,2.0,73422.0,2,73422,20179,12500,174401.0,32,174401,140,,1701,,262,,,32.0,,,2.0,,,,,,,
2026-08-25,mohtel,24,12000,9.0,73431.0,9,73431,20179,12500,174437.0,36,174437,140,,1701,,262,,,36.0,,,6.0,,1.0,2.0,,,,
2026-08-26,mohtel,24,12000,7.0,73438.0,7,73438,20179,12500,174447.0,10,174447,140,,1701,,262,,,10.0,,,5.0,,,2.0,,,,
2026-08-27,missing,24,12000,1.0,73439.0,1,73439,20179,12500,174454.0,7,174454,140,,1701,,262,,,7.0,,,,,1.0,,,,,
2026-08-28,missing,0,12000,,,0,73439,20179,12500,,0,174454,140,,1701,,262,,,,,,,,,,,,,
2026-08-29,mohtel,48,12000,10.0,73449.0,10,73449,20179,12500,174472.0,18,174472,140,,1701,,262,,,18.0,,,9.0,,1.0,,,,,
2026-08-30,mohtel,24,12000,5.0,73454.0,5,73454,20179,12500,174486.0,14,174486,140,,1701,,262,,,14.0,,,4.0,,,1.0,,,,
2026-08-31,mohtel,24,12000,2.0,73456.0,2,73456,20179,12500,174496.0,10,174496,140,,1701,,262,,,10.0,,,2.0,,,,,,,
2026-09-01,mohtel,24,12000,6.0,73462.0,6,73462,20179,12500,174509.0,13,174509,140,,1701,,262,,,13.0,,,5.0,,,1.0,,,,
2026-09-02,mohtel,24,12000,8.0,73470.0,8,73470,20179,12500,174540.0,31,174540,140,,1701,,262,,,31.0,,,7.0,,,1.0,,,,
2026-09-03,missing,24,12000,4.0,73474.0,4,73474,20179,12500,174548.0,8,174548,140,,1701,,262,,,8.0,,,,,4.0,,,,,
2026-09-04,missing,0,12000,,,0,73474,20179,12500,,0,174548,140,,1701,,262,,,,,,,,,,,,,
2026-09-05,mohtel,48,12000,177.0,73651.0,177,73651,20179,12500,174575.0,27,174575,140,,1701,,262,,,27.0,,,5.0,160.0,11.0,1.0,,,,
2026-09-06,mohtel,24,12000,,73651.0,0,73651,20179,12500,174592.0,17,174592,140,,1701,,262,,,17.0,,,,,,,,,,
2026-09-07,mohtel,24,12000,7.0,73658.0,7,73658,20179,12500,174622.0,30,174622,140,,1701,,262,,,30.0,,,5.0,,,2.0,,,,
2026-09-08,missing,24,12000,4.0,73662.0,4,73662,20179,12500,174652.0,30,174652,140,,1701,,262,,,,,,,,4.0,,,,,
2026-09-09,mohtel,24,12000,7.0,73669.0,7,73669,20179,12500,174652.0,0,174652,140,,1701,,262,,,,,,2.0,,4.0,1.0,,,,
2026-09-10,mohtel,24,12000,1.0,73670.0,1,73670,20179,12500,174682.0,30,174682,140,,1701,,262,,,30.0,,,1.0,,,,,,,
2026-09-11,missing,0,12000,,,0,73670,20179,12500,,0,174682,140,,1701,,262,,,,,,,,,,,,,
2026-09-12,mohtel,48,12000,113.0,73783.0,113,73783,20179,12500,174738.0,56,174738,140,,1701,,262,,,56.0,,,10.0,103.0,,,,,,
2026-09-13,missing,24,12000,1.0,73784.0,1,73784,20179,12500,174746.0,8,174746,140,,1701,,262,,,8.0,,,,,1.0,,,,,
2026-09-14,mohtel,24,12000,2.0,73786.0,2,73786,20179,12500,174771.0,25,174771,140,,1701,,262,,,25.0,,,2.0,,,,,,,
2026-09-15,mohtel,24,12000,3.0,73789.0,3,73789,20179,12500,174798.0,27,174798,140,,1701,,262,,,27.0,,,3.0,,,,,,,
2026-09-16,mohtel,24,12000,6.0,73795.0,6,73795,20179,12500,174869.0,71,174869,140,,1701,,262,,,71.0,,,6.0,,,,,,,
2026-09-17,mohtel,24,12000,26.0,73821.0,26,73821,20179,12500,174897.0,28,174897,140,,1701,,262,,,28.0,,,24.0,,,2.0,,,,
2026-09-18,missing,0,12000,,,0,73821,20179,12500,,0,174897,140,,1701,,262,,,,,,,,,,,,,
2026-09-19,mohtel,48,12000,89.0,73910.0,89,73910,20179,12500,174914.0,17,174914,140,,1701,,262,,,17.0,,,4.0,85.0,,,,,,
2026-09-20,mohtel,24,12000,,73910.0,0,73910,20179,12500,174935.0,21,174935,140,,1701,,262,,,21.0,,,,,,,,,,
2026-09-21,mohtel,24,12000,4.0,73914.0,4,73914,20179,12500,174952.0,17,174952,140,,1701,,262,,,17.0,,,1.0,,3.0,,,,,
2026-09-22,mohtel,24,12000,5.0,73919.0,5,73919,20179,12500,174977.0,25,174977,140,,1701,,262,,,25.0,,,4.0,,,1.0,,,,
